launch,duration_ms
1,3.075399
2,3.076326
3,3.077254
4,3.076423
5,3.080167
6,3.076775
7,3.076870
8,3.077414
9,3.077543
10,3.075751
