{
  "h200": {
    "decoder_ms": 367.276907,
    "fp8_equivalent_tflops": 251.53352,
    "peak_tflops": 1979.0,
    "mfu_percent": 34.60640227537096,
    "classified_leaf_ms": 324.735052,
    "support_unconverted_ms": 42.541855,
    "support_unconverted_share_percent": 11.583046521353982
  },
  "b300_cutlass": {
    "decoder_ms": 159.021148,
    "fp8_equivalent_tflops": 207.72342726656,
    "peak_tflops": 4500.0,
    "mfu_percent": 29.02806462873172,
    "classified_leaf_ms": 127.31347400000001,
    "support_unconverted_ms": 31.707673999999997,
    "support_unconverted_share_percent": 19.939281283518337
  },
  "hardware_peak_ratio": 2.2738756947953513,
  "decoder_time_speedup": 2.309610461370836,
  "equivalent_work_reduction_percent": 17.417198603764618,
  "rows": [
    {
      "id": "M3b",
      "operation": "Active-expert gate/up projections",
      "h200_mode": "FP8 GEMM",
      "h200_ms": 95.766922,
      "h200_fp8_equivalent_tflops": 74.217035,
      "h200_mfu_percent": 39.16,
      "b300_mode": "CUTLASS grouped FP8 GEMM",
      "b300_ms": 49.072533,
      "b300_fp8_equivalent_tflops": 74.21703487488,
      "b300_mfu_percent": 33.60876932242319,
      "mfu_delta_points": -5.551230677576804,
      "b300_decoder_time_share_percent": 30.859123844332952,
      "b300_extra_ms_vs_h200_leaf_efficiency": 6.956408340551576
    },
    {
      "id": "2.1.7",
      "operation": "Selected sparse MLA scan",
      "h200_mode": "BF16 attention MMA; FP32/SFU work separate",
      "h200_ms": 128.868043,
      "h200_fp8_equivalent_tflops": 87.620185,
      "h200_mfu_percent": 34.357,
      "b300_mode": "E4M3 Q/K/V attention MMA; FP32/SFU work separate",
      "b300_ms": 31.94625,
      "b300_fp8_equivalent_tflops": 43.81009248256,
      "b300_mfu_percent": 30.4748635825349,
      "mfu_delta_points": -3.882136417465098,
      "b300_decoder_time_share_percent": 20.089309127613642,
      "b300_extra_ms_vs_h200_leaf_efficiency": 3.609736022541096
    },
    {
      "id": "M3d",
      "operation": "Active-expert down projections",
      "h200_mode": "FP8 GEMM",
      "h200_ms": 58.606619,
      "h200_fp8_equivalent_tflops": 37.108517,
      "h200_mfu_percent": 31.995,
      "b300_mode": "CUTLASS grouped FP8 GEMM",
      "b300_ms": 27.781641,
      "b300_fp8_equivalent_tflops": 37.10851743744,
      "b300_mfu_percent": 29.682685800741577,
      "mfu_delta_points": -2.3123141992584237,
      "b300_decoder_time_share_percent": 17.470406514736013,
      "b300_extra_ms_vs_h200_leaf_efficiency": 2.007810062916082
    },
    {
      "id": "2.1.2",
      "operation": "fused_qkv_a_proj_with_mqa",
      "h200_mode": "FP8 GEMM",
      "h200_ms": 4.749393,
      "h200_fp8_equivalent_tflops": 5.28281,
      "h200_mfu_percent": 56.206,
      "b300_mode": "FP8 GEMM",
      "b300_ms": 2.285842,
      "b300_fp8_equivalent_tflops": 5.28280977408,
      "b300_mfu_percent": 51.3577809653219,
      "mfu_delta_points": -4.8482190346781024,
      "b300_decoder_time_share_percent": 1.4374452887234848,
      "b300_extra_ms_vs_h200_leaf_efficiency": 0.19717223596531808
    },
    {
      "id": "A2",
      "operation": "Causal candidate scoring",
      "h200_mode": "FP8 GEMM",
      "h200_ms": 3.681103,
      "h200_fp8_equivalent_tflops": 3.324508,
      "h200_mfu_percent": 45.636,
      "b300_mode": "FP8 GEMM",
      "b300_ms": 1.737743,
      "b300_fp8_equivalent_tflops": 3.32450758656,
      "b300_mfu_percent": 42.51373555698397,
      "mfu_delta_points": -3.122264443016036,
      "b300_decoder_time_share_percent": 1.0927747798676437,
      "b300_extra_ms_vs_h200_leaf_efficiency": 0.11889063853098447
    },
    {
      "id": "2.1.9",
      "operation": "o_proj",
      "h200_mode": "FP8 GEMM",
      "h200_ms": 24.592318,
      "h200_fp8_equivalent_tflops": 32.985349,
      "h200_mfu_percent": 67.776,
      "b300_mode": "FP8 GEMM",
      "b300_ms": 10.930203,
      "b300_fp8_equivalent_tflops": 32.98534883328,
      "b300_mfu_percent": 67.06259269390208,
      "mfu_delta_points": -0.7134073060979205,
      "b300_decoder_time_share_percent": 6.87342730037391,
      "b300_extra_ms_vs_h200_leaf_efficiency": 0.11505085395026704
    },
    {
      "id": "2.1.4",
      "operation": "q_b_proj",
      "h200_mode": "FP8 GEMM",
      "h200_ms": 8.470654,
      "h200_fp8_equivalent_tflops": 10.995116,
      "h200_mfu_percent": 65.59,
      "b300_mode": "FP8 GEMM",
      "b300_ms": 3.559262,
      "b300_fp8_equivalent_tflops": 10.99511627776,
      "b300_mfu_percent": 68.6479155745083,
      "mfu_delta_points": 3.0579155745083,
      "b300_decoder_time_share_percent": 2.2382318608340066,
      "b300_extra_ms_vs_h200_leaf_efficiency": -0.1659387513882531
    }
  ],
  "interpretation": "B300 is faster in elapsed time but has a larger peak denominator and less FP8-equivalent attention work. Gate/up, selected sparse attention, and down projection are the largest classified leaf-efficiency shortfalls; support/grouping/shuffle kernels also occupy a larger fraction of the shorter B300 decoder."
}
