id,operation,h200_mode,h200_ms,h200_fp8_equivalent_tflops,h200_mfu_percent,b300_mode,b300_ms,b300_fp8_equivalent_tflops,b300_mfu_percent,mfu_delta_points,b300_decoder_time_share_percent,b300_extra_ms_vs_h200_leaf_efficiency
M3b,Active-expert gate/up projections,FP8 GEMM,95.766922,74.217035,39.16,CUTLASS grouped FP8 GEMM,49.072533,74.21703487488,33.60876932242319,-5.551230677576804,30.859123844332952,6.956408340551576
2.1.7,Selected sparse MLA scan,BF16 attention MMA; FP32/SFU work separate,128.868043,87.620185,34.357,E4M3 Q/K/V attention MMA; FP32/SFU work separate,31.94625,43.81009248256,30.4748635825349,-3.882136417465098,20.089309127613642,3.609736022541096
M3d,Active-expert down projections,FP8 GEMM,58.606619,37.108517,31.995,CUTLASS grouped FP8 GEMM,27.781641,37.10851743744,29.682685800741577,-2.3123141992584237,17.470406514736013,2.007810062916082
2.1.2,fused_qkv_a_proj_with_mqa,FP8 GEMM,4.749393,5.28281,56.206,FP8 GEMM,2.285842,5.28280977408,51.3577809653219,-4.8482190346781024,1.4374452887234848,0.19717223596531808
A2,Causal candidate scoring,FP8 GEMM,3.681103,3.324508,45.636,FP8 GEMM,1.737743,3.32450758656,42.51373555698397,-3.122264443016036,1.0927747798676437,0.11889063853098447
2.1.9,o_proj,FP8 GEMM,24.592318,32.985349,67.776,FP8 GEMM,10.930203,32.98534883328,67.06259269390208,-0.7134073060979205,6.87342730037391,0.11505085395026704
2.1.4,q_b_proj,FP8 GEMM,8.470654,10.995116,65.59,FP8 GEMM,3.559262,10.99511627776,68.6479155745083,3.0579155745083,2.2382318608340066,-0.1659387513882531
