rank,kernel_count,aggregate_kernel_ms,active_union_ms,active_union_pct,category_ms,stream_count
0,111533,104344.648851,58270.200793,0.9872851269572477,"{'nccl_sync': 46875.586754, 'attention': 28377.903834, 'gemm_moe': 25536.987129, 'moe_routing': 2014.192816, 'norm_rope_quant': 756.628044, 'memory_elementwise': 529.790918, 'other': 253.559356}",5
1,115355,59707.193296,58231.195955,0.9866242592081631,"{'nccl_sync': 10560.031957, 'attention': 18157.582858, 'gemm_moe': 27541.556791, 'moe_routing': 1942.089852, 'norm_rope_quant': 730.016837, 'memory_elementwise': 588.61917, 'other': 187.295831}",5
2,130509,58831.551494,58597.55051,0.9928314868892455,"{'nccl_sync': 1116.760611, 'attention': 22013.674585, 'gemm_moe': 31545.585429, 'moe_routing': 2433.970829, 'norm_rope_quant': 826.453302, 'memory_elementwise': 658.486995, 'other': 236.619743}",5
3,126070,60337.99875,58669.410114,0.994049020333317,"{'nccl_sync': 5993.405159, 'attention': 20149.892631, 'gemm_moe': 30541.353476, 'moe_routing': 2025.105539, 'norm_rope_quant': 807.698007, 'memory_elementwise': 637.904032, 'other': 182.639906}",5
4,130482,59295.458894,58535.659472,0.9917828531025453,"{'nccl_sync': 1093.081487, 'attention': 22280.761896, 'gemm_moe': 31753.570244, 'moe_routing': 2431.11011, 'norm_rope_quant': 825.579485, 'memory_elementwise': 658.106026, 'other': 253.249646}",5
5,126090,59490.498804,58560.997428,0.9922121597938877,"{'nccl_sync': 4690.622316, 'attention': 20325.767832, 'gemm_moe': 30728.492259, 'moe_routing': 2088.227851, 'norm_rope_quant': 809.019779, 'memory_elementwise': 651.887945, 'other': 196.480822}",5
6,130438,59327.790722,58582.469482,0.9925759656375422,"{'nccl_sync': 2913.386171, 'attention': 21297.260729, 'gemm_moe': 31030.925368, 'moe_routing': 2388.280177, 'norm_rope_quant': 823.135654, 'memory_elementwise': 643.064119, 'other': 231.738504}",5
7,128449,57662.836327,57620.299378,0.976273701009063,"{'nccl_sync': 3039.429004, 'attention': 20156.477487, 'gemm_moe': 30682.360018, 'moe_routing': 2110.773528, 'norm_rope_quant': 834.617227, 'memory_elementwise': 657.6109, 'other': 181.568163}",5
