{
  "reference_fp8_pp8": {
    "label": "B300 FP8 · PP8 · CUTLASS MoE",
    "layers_on_pp2": 10,
    "decoder_ms": 159.021148,
    "decoder_ms_per_layer": 15.902114800000001,
    "fp4_equivalent_tflops": 623.17028179968,
    "peak_tflops": 13500.0,
    "mfu_percent": 29.02806462873171,
    "classified_leaf_ms": 127.31347400000001,
    "support_unconverted_ms": 31.707673999999997,
    "support_unconverted_share_percent": 19.939281283518337,
    "mean_client_ms": 1230.0721784285713
  },
  "current_nvfp4_pp4": {
    "label": "B300 NVFP4 · PP4 · TRT-LLM MoE",
    "layers_on_pp2": 20,
    "decoder_ms": 245.406059,
    "decoder_ms_per_layer": 12.27030295,
    "fp4_equivalent_tflops": 1216.98855419904,
    "peak_tflops": 13500.0,
    "mfu_percent": 36.733934230629565,
    "classified_leaf_ms": 201.833187,
    "support_unconverted_ms": 43.57287199999999,
    "support_unconverted_share_percent": 17.755418174088355,
    "mean_client_ms": 979.8640974285715
  },
  "mfu_delta_points": 7.705869601897856,
  "mfu_relative_improvement_percent": 26.546274098723966,
  "decoder_ms_per_layer_reduction_percent": 22.838546291968676,
  "client_latency_reduction_percent": 20.340926767374167,
  "rows": [
    {
      "id": "2.1.7",
      "operation": "Selected sparse MLA scan",
      "reference_mode": "E4M3 Q/K/V attention MMA; FP32/SFU work separate",
      "reference_total_ms": 31.94625,
      "reference_ms_per_layer": 3.194625,
      "reference_fp4_equivalent_tflops": 131.43027744768,
      "reference_mfu_percent": 30.4748635825349,
      "current_mode": "E4M3 Q/K/V attention MMA; FP32/SFU work separate",
      "current_total_ms": 66.683271,
      "current_ms_per_layer": 3.3341635500000004,
      "current_fp4_equivalent_tflops": 262.86055489536,
      "current_mfu_percent": 29.199455759257987,
      "mfu_delta_points": -1.2754078232769146,
      "current_decoder_time_share_percent": 27.172626165680775,
      "current_extra_ms_at_reference_efficiency": 2.7907709999999994
    },
    {
      "id": "M3b",
      "operation": "Active-expert gate/up projections",
      "reference_mode": "CUTLASS grouped FP8 GEMM",
      "reference_total_ms": 49.072533,
      "reference_ms_per_layer": 4.9072533,
      "reference_fp4_equivalent_tflops": 222.65110462464,
      "reference_mfu_percent": 33.60876932242319,
      "current_mode": "Routed NVFP4 plus BF16 shared-expert gate/up GEMMs",
      "current_total_ms": 51.617213,
      "current_ms_per_layer": 2.58086065,
      "current_fp4_equivalent_tflops": 230.89744183296,
      "current_mfu_percent": 33.13529192257801,
      "mfu_delta_points": -0.47347739984518,
      "current_decoder_time_share_percent": 21.033389807217436,
      "current_extra_ms_at_reference_efficiency": 0.7271787777777661
    },
    {
      "id": "A2",
      "operation": "Causal candidate scoring",
      "reference_mode": "FP8 GEMM",
      "reference_total_ms": 1.737743,
      "reference_ms_per_layer": 0.1737743,
      "reference_fp4_equivalent_tflops": 9.97352275968,
      "reference_mfu_percent": 42.51373555698397,
      "current_mode": "E4M3 × E4M3 candidate-score MMA",
      "current_total_ms": 3.051696,
      "current_ms_per_layer": 0.15258480000000002,
      "current_fp4_equivalent_tflops": 16.6225379328,
      "current_mfu_percent": 40.34802634775329,
      "mfu_delta_points": -2.165709209230677,
      "current_decoder_time_share_percent": 1.2435291990895792,
      "current_extra_ms_at_reference_efficiency": 0.1554576666666665
    },
    {
      "id": "2.1.4",
      "operation": "q_b_proj",
      "reference_mode": "FP8 GEMM",
      "reference_total_ms": 3.559262,
      "reference_ms_per_layer": 0.35592619999999997,
      "reference_fp4_equivalent_tflops": 32.98534883328,
      "reference_mfu_percent": 68.6479155745083,
      "current_mode": "BF16 × BF16 Tensor-Core GEMM",
      "current_total_ms": 11.88345,
      "current_ms_per_layer": 0.5941725,
      "current_fp4_equivalent_tflops": 131.94139533312,
      "current_mfu_percent": 82.24410159795532,
      "mfu_delta_points": 13.596186023447018,
      "current_decoder_time_share_percent": 4.842362103211151,
      "current_extra_ms_at_reference_efficiency": -2.353597999999998
    },
    {
      "id": "2.1.2",
      "operation": "fused_qkv_a_proj_with_mqa",
      "reference_mode": "FP8 GEMM",
      "reference_total_ms": 2.285842,
      "reference_ms_per_layer": 0.22858420000000002,
      "reference_fp4_equivalent_tflops": 15.848429322240001,
      "reference_mfu_percent": 51.3577809653219,
      "current_mode": "BF16 × BF16 Tensor-Core GEMM",
      "current_total_ms": 6.052575,
      "current_ms_per_layer": 0.30262875,
      "current_fp4_equivalent_tflops": 63.39371728896,
      "current_mfu_percent": 77.58401854241102,
      "mfu_delta_points": 26.226237577089115,
      "current_decoder_time_share_percent": 2.466351085488073,
      "current_extra_ms_at_reference_efficiency": -3.090792999999999
    },
    {
      "id": "2.1.9",
      "operation": "o_proj",
      "reference_mode": "FP8 GEMM",
      "reference_total_ms": 10.930203,
      "reference_ms_per_layer": 1.0930203,
      "reference_fp4_equivalent_tflops": 98.95604649984,
      "reference_mfu_percent": 67.06259269390208,
      "current_mode": "BF16 × BF16 Tensor-Core GEMM",
      "current_total_ms": 39.18944,
      "current_ms_per_layer": 1.9594719999999999,
      "current_fp4_equivalent_tflops": 395.82418599936,
      "current_mfu_percent": 74.81686411958594,
      "mfu_delta_points": 7.754271425683868,
      "current_decoder_time_share_percent": 15.969222666992097,
      "current_extra_ms_at_reference_efficiency": -4.531372000000005
    },
    {
      "id": "M3d",
      "operation": "Active-expert down projections",
      "reference_mode": "CUTLASS grouped FP8 GEMM",
      "reference_total_ms": 27.781641,
      "reference_ms_per_layer": 2.7781641,
      "reference_fp4_equivalent_tflops": 111.32555231232,
      "reference_mfu_percent": 29.682685800741577,
      "current_mode": "Routed NVFP4 plus BF16 shared-expert down GEMMs",
      "current_total_ms": 23.355542,
      "current_ms_per_layer": 1.1677771,
      "current_fp4_equivalent_tflops": 115.44872091648,
      "current_mfu_percent": 36.61553692448861,
      "mfu_delta_points": 6.932851123747032,
      "current_decoder_time_share_percent": 9.517100798232532,
      "current_extra_ms_at_reference_efficiency": -5.455048666666666
    }
  ],
  "precision_component_metrics": {
    "routed_gate_up": {
      "launch_count": 20,
      "aggregate_kernel_ms": 42.572435,
      "first_launch_ms": 489.335662,
      "last_finish_ms": 723.681908,
      "wall_span_ms": 234.346246,
      "pp2_ordinals": "58, 82, 106, 130, 168, 192, 216, 240, 278, 302, 326, 350, 388, 412, 436, 460, 498, 522, 546, 570",
      "raw_flops": 131941395333120,
      "raw_tflops": 131.94139533312,
      "fp4_equivalent_factor": 1,
      "fp4_equivalent_flops": 131941395333120,
      "fp4_equivalent_tflops": 131.94139533312,
      "fp4_equivalent_mfu_percent": 22.957194464780372
    },
    "shared_gate_up": {
      "launch_count": 20,
      "aggregate_kernel_ms": 9.044778,
      "first_launch_ms": 492.377981,
      "last_finish_ms": 725.385628,
      "wall_span_ms": 233.007647,
      "pp2_ordinals": "61, 85, 109, 133, 171, 195, 219, 243, 281, 305, 329, 353, 391, 415, 439, 463, 501, 525, 549, 573",
      "raw_flops": 16492674416640,
      "raw_tflops": 16.49267441664,
      "fp4_equivalent_factor": 6,
      "fp4_equivalent_flops": 98956046499840,
      "fp4_equivalent_tflops": 98.95604649984,
      "fp4_equivalent_mfu_percent": 81.04209432787258
    },
    "routed_down": {
      "launch_count": 20,
      "aggregate_kernel_ms": 18.677243,
      "first_launch_ms": 491.225847,
      "last_finish_ms": 724.624473,
      "wall_span_ms": 233.398626,
      "pp2_ordinals": "59, 83, 107, 131, 169, 193, 217, 241, 279, 303, 327, 351, 389, 413, 437, 461, 499, 523, 547, 571",
      "raw_flops": 65970697666560,
      "raw_tflops": 65.97069766656,