rank,implementation_provider,semantic_owner,kernel_name,launches,summed_residency_ms,mean_us
0,nccl,unassigned,ncclDevKernel_AllReduce_Sum_bf16_RING_LL(ncclDevKernelArgsStorage<(unsigned long)4096>),2,8.590304,4295.152
0,other,routed_moe_fused_core,bmm_E4m3_E4m3E4m3_Fp32_t128x8x128u2_s8_et64x8_m64x8x32_c1x1x1_rM_TN_transOut_noShfl_dsFp8_schPd4x2x2x3_bN_tma_tmaSf_rgTma_clmp_lbW2_dynB_sm100f,75,2.734336,36.457813
0,other,sparse_mla_trtllm_decode,fmhaSm100fKernel_QkvE4m3OBfloat16HQk576HV512PagedKvDenseStaticTokenSparseP1VarSeqQ8Kv128PersistentSwapsAbForGen,78,2.54032,32.568205
0,other,routed_moe_fused_core,bmm_Bfloat16_E4m3E4m3_Fp32_t128x8x128u2_s8_et64x8_m64x8x32_c1x1x1_rM_TN_transOut_noShfl_dsFp8_schPd4x2x2x3_bN_rgTma_clmp_dynB_sm100f,75,2.292064,30.560853
0,other,unassigned,"void <unnamed>::per_token_group_quant_8bit_v2_kernel<<unnamed>::NaiveScheduler, (int)128, (int)8, __nv_bfloat16, __nv_fp8_e4m3, (bool)1, (bool)1, (bool)0, (bool)1, unsigned int>(const T4 *, T5 *, T10 *, const int *, int, int, int, int, int)",432,1.809472,4.188593
0,deepgemm,unassigned,"void deep_gemm::sm100_fp8_fp4_gemm_1d1d_impl<(cute::UMMA::Major)0, (cute::UMMA::Major)0, (unsigned int)128, (unsigned int)128, (unsigned int)0, (unsigned int)0, (unsigned int)0, (unsigned int)48, (unsigned int)128, (unsigned int)128, (unsigned int)1, (unsigned int)128, (unsigned int)128, (unsigned int)128, (unsigned int)10, (unsigned int)128, (unsigned int)128, (unsigned int)2, (bool)1, (unsigned int)152, (bool)1, (deep_gemm::GemmType)0, (bool)0, cutlass::float_e4m3_t, cutlass::float_e4m3_t, cutlass::bfloat16_t, deep_gemm::epilogue::transform::EpilogueIdentity>(int *, unsigned int, unsigned int, unsigned int, CUtensorMap_st, CUtensorMap_st, CUtensorMap_st, CUtensorMap_st, CUtensorMap_st)",156,1.425504,9.137846
0,deepgemm,unassigned,"void deep_gemm::sm100_fp8_fp4_gemm_1d1d_impl<(cute::UMMA::Major)0, (cute::UMMA::Major)0, (unsigned int)128, (unsigned int)128, (unsigned int)0, (unsigned int)0, (unsigned int)0, (unsigned int)16, (unsigned int)128, (unsigned int)128, (unsigned int)1, (unsigned int)128, (unsigned int)128, (unsigned int)128, (unsigned int)12, (unsigned int)128, (unsigned int)128, (unsigned int)2, (bool)1, (unsigned int)152, (bool)1, (deep_gemm::GemmType)0, (bool)0, cutlass::float_e4m3_t, cutlass::float_e4m3_t, cutlass::bfloat16_t, deep_gemm::epilogue::transform::EpilogueIdentity>(int *, unsigned int, unsigned int, unsigned int, CUtensorMap_st, CUtensorMap_st, CUtensorMap_st, CUtensorMap_st, CUtensorMap_st)",153,1.357184,8.870484
0,flashinfer_trtllm,unassigned,"void flashinfer::trtllm_mnnvl_allreduce::twoshotAllreduceKernel<(unsigned char)8, __nv_bfloat16, (bool)0, float4>(flashinfer::trtllm_mnnvl_allreduce::AllReduceKernelParams<T2>)",155,1.211712,7.817497
0,flashinfer_trtllm,unassigned,"void flashinfer::trtllm_mnnvl_allreduce::rmsNormLamport<__nv_bfloat16, (flashinfer::trtllm_mnnvl_allreduce::QuantType)0, (bool)0, (int)1, float4>(flashinfer::trtllm_mnnvl_allreduce::AllReduceKernelParams<T1>)",155,1.193536,7.700232
0,deepgemm,unassigned,"void deep_gemm::sm100_fp8_fp4_gemm_1d1d_impl<(cute::UMMA::Major)0, (cute::UMMA::Major)0, (unsigned int)128, (unsigned int)128, (unsigned int)0, (unsigned int)0, (unsigned int)0, (unsigned int)16, (unsigned int)128, (unsigned int)128, (unsigned int)1, (unsigned int)128, (unsigned int)128, (unsigned int)128, (unsigned int)11, (unsigned int)128, (unsigned int)128, (unsigned int)1, (bool)0, (unsigned int)152, (bool)1, (deep_gemm::GemmType)0, (bool)0, cutlass::float_e4m3_t, cutlass::float_e4m3_t, cutlass::bfloat16_t, deep_gemm::epilogue::transform::EpilogueIdentity>(int *, unsigned int, unsigned int, unsigned int, CUtensorMap_st, CUtensorMap_st, CUtensorMap_st, CUtensorMap_st, CUtensorMap_st)",78,0.726464,9.313641
0,memory_control,unassigned,"void at::native::_scatter_gather_elementwise_kernel<(int)128, (int)8, void at::native::_cuda_scatter_gather_internal_kernel<(bool)0, at::native::OpaqueType<(int)4>, int>::operator ()<at::native::TensorAssign>(at::TensorIterator &, long, long, long, const T1 &)::[lambda(int) (instance 1)]>(int, T3)",78,0.665472,8.531692
0,other,unassigned,"void <unnamed>::act_and_mul_kernel<__nv_bfloat16, (<unnamed>::ActivationKind)0, (bool)1, (bool)0>(<unnamed>::ActivationParams)",78,0.463424,5.941333
0,nvjet,router_projection,nvjet_sm103_tst_64x8_64x16_1x4_h_bz_splitK_TNT,75,0.462144,6.16192
0,cutlass,routed_moe_fused_core,"void moe::dev::finalize::finalizeKernelVecLoad<moe::dev::finalize::KernelParams<cutlass::bfloat16_t, cutlass::bfloat16_t, (int)4, (bool)1>>(T1)",75,0.384,5.12
0,other,routed_moe_fused_core,"void moe::dev::routing::routingCustom::routingIndicesClusterKernel<moe::dev::routing::routingCustom::KernelParams<__nv_bfloat16, __nv_bfloat16, (int)256, (int)8, moe::dev::routing::TopKExpertSelect<moe::dev::routing::NoOpPreprocess, moe::dev::routing::SoftmaxPostprocess>>, (int)512>(T1)",75,0.348081,4.64108
0,cutlass,routed_moe_fused_core,"void moe::dev::activation::activationDeepSeekKernel<moe::dev::activation::KernelParams<cutlass::float_e4m3_t, (int)2, (bool)1>>(T1)",75,0.333568,4.447573
0,deepgemm,dsa_index_candidate_scoring,"void deep_gemm::sm100_fp8_paged_mqa_logits<(unsigned int)1, (unsigned int)32, (unsigned int)128, (unsigned int)64, (bool)1, (bool)0, (unsigned int)3, (unsigned int)4, (unsigned int)256, (unsigned int)128, (unsigned int)256, float, (unsigned int)2>(unsigned int, unsigned int, unsigned int, const unsigned int *, T12 *, const unsigned int *, const unsigned int *, const unsigned int *, CUtensorMap_st, CUtensorMap_st, CUtensorMap_st, CUtensorMap_st)",21,0.301664,14.364952
0,nvjet,mla_value_restore_bmm,nvjet_sm103_tst_64x32_64x16_2x2_2cta_h_bz_TNT,78,0.279808,3.587282
0,flashinfer_trtllm,trtllm_mla_rope_quantize_fp8,"void flashinfer::RopeQuantizeKernel<(bool)1, (unsigned int)16, (unsigned int)1, __nv_bfloat16, long, __nv_fp8_e4m3>(T4 *, T4 *, T4 *, T4 *, T6 *, T6 *, T6 *, T6 *, float *, T5 *, unsigned int, unsigned int, unsigned int, unsigned int, unsigned int, unsigned long, unsigned long, unsigned long, unsigned long, unsigned long, unsigned long, unsigned long, unsigned long, unsigned long, unsigned long, unsigned long, unsigned long, unsigned long, unsigned long, unsigned long, unsigned long, float, float)",78,0.276254,3.541718
0,nvjet,mla_absorb_q_bmm,nvjet_sm103_tst_64x64_64x16_2x2_2cta_h_bz_TNT,78,0.2712,3.476923
0,other,routed_moe_input_quant,"void <unnamed>::per_token_group_quant_8bit_v2_kernel<<unnamed>::NaiveScheduler, (int)128, (int)8, __nv_bfloat16, __nv_fp8_e4m3, (bool)1, (bool)0, (bool)0, (bool)1, float>(const T4 *, T5 *, T10 *, const int *, int, int, int, int, int)",75,0.260953,3.479373
0,other,dsa_topk_2048,<unnamed>::topk_kernel(<unnamed>::FastTopKParams),21,0.234464,11.164952
0,other,routed_moe_fused_core,"void moe::dev::routing::routingCustom::routingIndicesBlockScoresKernel<moe::dev::routing::routingCustom::KernelParams<__nv_bfloat16, __nv_bfloat16, (int)256, (int)8, moe::dev::routing::TopKExpertSelect<moe::dev::routing::SigmoidBiasPreprocess, moe::dev::routing::ScaledSumNormalizePostprocess>>>(T1)",75,0.206956,2.759413
0,flashinfer_trtllm,q_latent_rmsnorm,kernel_cutlass_kernel_flashinfernormkernelsrmsnormRMSNormKernel_object_at__tensorptrbf16gmemalign16oi642048i64div81_tensorptrbf16gmemalign16o20481_tensorptrbf16gmemalign16oi642048i64div81_0,78,0.199296,2.555077
0,flashinfer_trtllm,kv_latent_rmsnorm,kernel_cutlass_kernel_flashinfernormkernelsrmsnormRMSNormKernel_object_at__tensorptrbf16gmemalign16oi64512i64div81_tensorptrbf16gmemalign16o5121_tensorptrbf16gmemalign16oi64512i64div81____0,78,0.197184,2.528
0,deepgemm,unassigned,"void deep_gemm::sm100_fp8_fp4_gemm_1d1d_impl<(cute::UMMA::Major)0, (cute::UMMA::Major)0, (unsigned int)128, (unsigned int)128, (unsigned int)0, (unsigned int)0, (unsigned int)0, (unsigned int)128, (unsigned int)16, (unsigned int)128, (unsigned int)1, (unsigned int)128, (unsigned int)128, (unsigned int)32, (unsigned int)11, (unsigned int)128, (unsigned int)128, (unsigned int)1, (bool)0, (unsigned int)152, (bool)0, (deep_gemm::GemmType)0, (bool)0, cutlass::float_e4m3_t, cutlass::float_e4m3_t, cutlass::bfloat16_t, deep_gemm::epilogue::transform::EpilogueIdentity>(int *, unsigned int, unsigned int, unsigned int, CUtensorMap_st, CUtensorMap_st, CUtensorMap_st, CUtensorMap_st, CUtensorMap_st)",21,0.189536,9.025524
0,cublaslt,router_projection,"void cublasLt::splitKreduce_kernel<(int)32, (int)16, int, float, __nv_bfloat16, float, __nv_bfloat16, (bool)0, float, __nv_bfloat16, __nv_bfloat16, (bool)1, (bool)0, (bool)0, (bool)0>(cublasLt::cublasSplitKParams<T6>, const T4 *, const T10 *, T9 *, T5 *, const T6 *, const T6 *, const T11 *, const T4 *, T11 *, void *, long, T6 *, int *, T6 *, T6 *, const T6 *, const T6 *, const T6 *, const T6 *, const T6 *)",75,0.176192,2.349227
0,other,trtllm_raw_fp8_kv_store,set_mla_kv_buffer_kernel,78,0.162624,2.084923
0,deepgemm,unassigned,"void deep_gemm::sm100_fp8_fp4_gemm_1d1d_impl<(cute::UMMA::Major)0, (cute::UMMA::Major)0, (unsigned int)128, (unsigned int)128, (unsigned int)0, (unsigned int)0, (unsigned int)0, (unsigned int)64, (unsigned int)128, (unsigned int)128, (unsigned int)1, (unsigned int)128, (unsigned int)128, (unsigned int)128, (unsigned int)10, (unsigned int)128, (unsigned int)128, (unsigned int)2, (bool)1, (unsigned int)80, (bool)1, (deep_gemm::GemmType)0, (bool)0, cutlass::float_e4m3_t, cutlass::float_e4m3_t, cutlass::bfloat16_t, deep_gemm::epilogue::transform::EpilogueIdentity>(int *, unsigned int, unsigned int, unsigned int, CUtensorMap_st, CUtensorMap_st, CUtensorMap_st, CUtensorMap_st, CUtensorMap_st)",21,0.156864,7.469714
0,memory_control,unassigned,"void at::native::vectorized_elementwise_kernel<(int)4, at::native::<unnamed>::launch_clamp_scalar(at::TensorIteratorBase &, c10::Scalar, c10::Scalar, at::native::detail::ClampLimits)::[lambda() (instance 1)]::operator ()() const::[lambda() (instance 3)]::operator ()() const::[lambda(int) (instance 1)], std::array<char *, (unsigned long)2>>(int, T2, T3)",78,0.154112,1.975795
0,memory_control,unassigned,"void at::native::vectorized_elementwise_kernel<(int)8, at::native::CUDAFunctor_add<c10::BFloat16>, std::array<char *, (unsigned long)3>>(int, T2, T3)",75,0.140296,1.870613
0,memory_control,unassigned,"void at::native::vectorized_elementwise_kernel<(int)4, at::native::<unnamed>::masked_fill_kernel(at::TensorIterator &, const c10::Scalar &)::[lambda() (instance 1)]::operator ()() const::[lambda() (instance 3)]::operator ()() const::[lambda(int, bool) (instance 1)], std::array<char *, (unsigned long)3>>(int, T2, T3)",78,0.121312,1.555282
0,memory_control,unassigned,"void at::native::vectorized_elementwise_kernel<(int)4, void at::native::compare_scalar_kernel<int>(at::TensorIteratorBase &, at::native::<unnamed>::OpType, T1)::[lambda(int) (instance 1)], std::array<char *, (unsigned long)2>>(int, T2, T3)",78,0.119136,1.527385
0,other,unassigned,"void <unnamed>::fast_hadamard_transform_kernel<<unnamed>::FastHadamardKernelTraits<(int)16, (int)7, __nv_bfloat16>>(HadamardParamsBase)",42,0.109312,2.602667
0,nvjet,index_head_gate_projection,nvjet_sm103_tss_64x8_64x16_1x4_h_bz_splitK_TNT,21,0.103328,4.920381
0,memory_control,unassigned,"void at::native::vectorized_elementwise_kernel<(int)4, at::native::FillFunctor<unsigned char>, std::array<char *, (unsigned long)1>>(int, T2, T3)",78,0.101688,1.303692
0,nccl,unassigned,ncclDevKernel_AllGather_RING_LL(ncclDevKernelArgsStorage<(unsigned long)4096>),1,0.068992,68.992
0,other,unassigned,"void <unnamed>::fused_rope_kernel<(bool)0, (long)64, (bool)1, __nv_bfloat16, long, (unsigned int)8>(<unnamed>::FusedRopeParams)",21,0.048512,2.310095
0,memory_control,unassigned,"void <unnamed>::fused_store_indexer_cache<__nv_bfloat16, long, (unsigned int)6, (bool)1>(<unnamed>::FusedStoreCacheParam)",21,0.047488,2.261333
0,nvjet,lm_head_vocab_shard,nvjet_sm103_tst_256x56_64x5_1x2_h_bz_TNT,1,0.04736,47.36
0,other,unassigned,_act_quant_kernel,21,0.04576,2.179048
0,cublaslt,index_head_gate_projection,"void cublasLt::splitKreduce_kernel<(int)32, (int)16, int, float, float, float, float, (bool)0, float, float, float, (bool)1, (bool)0, (bool)0, (bool)0>(cublasLt::cublasSplitKParams<T6>, const T4 *, const T10 *, T9 *, T5 *, const T6 *, const T6 *, const T11 *, const T4 *, T11 *, void *, long, T6 *, int *, T6 *, T6 *, const T6 *, const T6 *, const T6 *, const T6 *, const T6 *)",21,0.04112,1.958095
0,triton,unassigned,triton_poi_fused_mul_unsqueeze_0,21,0.038976,1.856
0,flashinfer_trtllm,index_key_layernorm,kernel_cutlass_kernel_flashinfernormkernelslayernormLayerNormKernel_object_at__tensorptrbf16gmemalign16oi64128i64div41_tensorptrbf16gmemalign16oi64128i64div41_tensorptrf32gmemalign16o1281_0,21,0.037472,1.784381
0,memory_control,unassigned,"void at::native::unrolled_elementwise_kernel<at::native::direct_copy_kernel_cuda(at::TensorIteratorBase &)::[lambda() (instance 3)]::operator ()() const::[lambda() (instance 7)]::operator ()() const::[lambda(float) (instance 1)], std::array<char *, (unsigned long)2>, (int)4, TrivialOffsetCalculator<(int)1, unsigned int>, TrivialOffsetCalculator<(int)1, unsigned int>, at::native::memory::LoadWithCast<(int)1>, at::native::memory::StoreWithCast<(int)1>>(int, T1, T2, T4, T5, T6, T7)",1,0.030784,30.784
0,deepgemm,unassigned,"void deep_gemm::sm100_fp8_fp4_gemm_1d1d_impl<(cute::UMMA::Major)0, (cute::UMMA::Major)0, (unsigned int)128, (unsigned int)128, (unsigned int)0, (unsigned int)0, (unsigned int)0, (unsigned int)32, (unsigned int)128, (unsigned int)128, (unsigned int)1, (unsigned int)128, (unsigned int)128, (unsigned int)128, (unsigned int)11, (unsigned int)128, (unsigned int)128, (unsigned int)2, (bool)1, (unsigned int)152, (bool)1, (deep_gemm::GemmType)0, (bool)0, cutlass::float_e4m3_t, cutlass::float_e4m3_t, cutlass::bfloat16_t, deep_gemm::epilogue::transform::EpilogueIdentity>(int *, unsigned int, unsigned int, unsigned int, CUtensorMap_st, CUtensorMap_st, CUtensorMap_st, CUtensorMap_st, CUtensorMap_st)",3,0.030624,10.208
0,memory_control,unassigned,"void at::native::elementwise_kernel<(int)128, (int)4, void at::native::gpu_kernel_impl_nocast<at::native::direct_copy_kernel_cuda(at::TensorIteratorBase &)::[lambda() (instance 3)]::operator ()() const::[lambda() (instance 12)]::operator ()() const::[lambda(c10::BFloat16) (instance 1)]>(at::TensorIteratorBase &, const T1 &)::[lambda(int) (instance 1)]>(int, T3)",1,0.029056,29.056
0,triton,unassigned,triton_poi_fused_mul_0,21,0.027903,1.328714
0,flashinfer_trtllm,fused_add_rmsnorm_hidden,kernel_cutlass_kernel_flashinfernormkernelsfused_add_rmsnormFusedAddRMSNormKernel_object_at__tensorptrbf16gmemalign128oi64614461441_tensorptrbf16gmemalign128oi64614461441_tensorptrbf16gme_0,1,0.004896,4.896
0,memory_control,unassigned,"void at::native::elementwise_kernel<(int)128, (int)4, void at::native::gpu_kernel_impl_nocast<at::native::<unnamed>::masked_fill_kernel(at::TensorIterator &, const c10::Scalar &)::[lambda() (instance 1)]::operator ()() const::[lambda() (instance 12)]::operator ()() const::[lambda(c10::BFloat16, bool) (instance 1)]>(at::TensorIteratorBase &, const T1 &)::[lambda(int) (instance 1)]>(int, T3)",1,0.003712,3.712
0,flashinfer_trtllm,unassigned,kernel_cutlass_kernel_flashinfernormkernelsrmsnormRMSNormKernel_object_at__tensorptrbf16gmemalign128oi64614461441_tensorptrbf16gmemalign16o61441_tensorptrbf16gmemalign128oi64614461441___T_0,1,0.00368,3.68
0,memory_control,unassigned,"void at::native::vectorized_gather_kernel<(int)16, long>(char *, char *, T2 *, int, long, long, long, long, bool)",1,0.002976,2.976
0,triton,unassigned,triton_poi_fused_add_bitwise_and_bitwise_not_bitwise_or_ge_lt_mul_sub_0,1,0.002272,2.272
0,memory_control,unassigned,"void at::native::vectorized_elementwise_kernel<(int)4, at::native::FillFunctor<float>, std::array<char *, (unsigned long)1>>(int, T2, T3)",1,0.000992,0.992
1,nccl,unassigned,ncclDevKernel_AllReduce_Sum_bf16_RING_LL(ncclDevKernelArgsStorage<(unsigned long)4096>),2,15.832448,7916.224
1,other,routed_moe_fused_core,bmm_E4m3_E4m3E4m3_Fp32_t128x8x128u2_s8_et64x8_m64x8x32_c1x1x1_rM_TN_transOut_noShfl_dsFp8_schPd4x2x2x3_bN_tma_tmaSf_rgTma_clmp_lbW2_dynB_sm100f,75,2.699488,35.993173
1,other,sparse_mla_trtllm_decode,fmhaSm100fKernel_QkvE4m3OBfloat16HQk576HV512PagedKvDenseStaticTokenSparseP1VarSeqQ8Kv128PersistentSwapsAbForGen,78,2.547008,32.653949
1,other,routed_moe_fused_core,bmm_Bfloat16_E4m3E4m3_Fp32_t128x8x128u2_s8_et64x8_m64x8x32_c1x1x1_rM_TN_transOut_noShfl_dsFp8_schPd4x2x2x3_bN_rgTma_clmp_dynB_sm100f,75,2.288608,30.514773
1,other,unassigned,"void <unnamed>::per_token_group_quant_8bit_v2_kernel<<unnamed>::NaiveScheduler, (int)128, (int)8, __nv_bfloat16, __nv_fp8_e4m3, (bool)1, (bool)1, (bool)0, (bool)1, unsigned int>(const T4 *, T5 *, T10 *, const int *, int, int, int, int, int)",432,1.889216,4.373185
1,deepgemm,unassigned,"void deep_gemm::sm100_fp8_fp4_gemm_1d1d_impl<(cute::UMMA::Major)0, (cute::UMMA::Major)0, (unsigned int)128, (unsigned int)128, (unsigned int)0, (unsigned int)0, (unsigned int)0, (unsigned int)48, (unsigned int)128, (unsigned int)128, (unsigned int)1, (unsigned int)128, (unsigned int)128, (unsigned int)128, (unsigned int)10, (unsigned int)128, (unsigned int)128, (unsigned int)2, (bool)1, (unsigned int)152, (bool)1, (deep_gemm::GemmType)0, (bool)0, cutlass::float_e4m3_t, cutlass::float_e4m3_t, cutlass::bfloat16_t, deep_gemm::epilogue::transform::EpilogueIdentity>(int *, unsigned int, unsigned int, unsigned int, CUtensorMap_st, CUtensorMap_st, CUtensorMap_st, CUtensorMap_st, CUtensorMap_st)",156,1.536864,9.851692
1,deepgemm,unassigned,"void deep_gemm::sm100_fp8_fp4_gemm_1d1d_impl<(cute::UMMA::Major)0, (cute::UMMA::Major)0, (unsigned int)128, (unsigned int)128, (unsigned int)0, (unsigned int)0, (unsigned int)0, (unsigned int)16, (unsigned int)128, (unsigned int)128, (unsigned int)1, (unsigned int)128, (unsigned int)128, (unsigned int)128, (unsigned int)12, (unsigned int)128, (unsigned int)128, (unsigned int)2, (bool)1, (unsigned int)152, (bool)1, (deep_gemm::GemmType)0, (bool)0, cutlass::float_e4m3_t, cutlass::float_e4m3_t, cutlass::bfloat16_t, deep_gemm::epilogue::transform::EpilogueIdentity>(int *, unsigned int, unsigned int, unsigned int, CUtensorMap_st, CUtensorMap_st, CUtensorMap_st, CUtensorMap_st, CUtensorMap_st)",153,1.345888,8.796654
1,flashinfer_trtllm,unassigned,"void flashinfer::trtllm_mnnvl_allreduce::twoshotAllreduceKernel<(unsigned char)8, __nv_bfloat16, (bool)0, float4>(flashinfer::trtllm_mnnvl_allreduce::AllReduceKernelParams<T2>)",155,1.3072,8.433548
1,flashinfer_trtllm,unassigned,"void flashinfer::trtllm_mnnvl_allreduce::rmsNormLamport<__nv_bfloat16, (flashinfer::trtllm_mnnvl_allreduce::QuantType)0, (bool)0, (int)1, float4>(flashinfer::trtllm_mnnvl_allreduce::AllReduceKernelParams<T1>)",155,1.28288,8.276645
1,deepgemm,unassigned,"void deep_gemm::sm100_fp8_fp4_gemm_1d1d_impl<(cute::UMMA::Major)0, (cute::UMMA::Major)0, (unsigned int)128, (unsigned int)128, (unsigned int)0, (unsigned int)0, (unsigned int)0, (unsigned int)16, (unsigned int)128, (unsigned int)128, (unsigned int)1, (unsigned int)128, (unsigned int)128, (unsigned int)128, (unsigned int)11, (unsigned int)128, (unsigned int)128, (unsigned int)1, (bool)0, (unsigned int)152, (bool)1, (deep_gemm::GemmType)0, (bool)0, cutlass::float_e4m3_t, cutlass::float_e4m3_t, cutlass::bfloat16_t, deep_gemm::epilogue::transform::EpilogueIdentity>(int *, unsigned int, unsigned int, unsigned int, CUtensorMap_st, CUtensorMap_st, CUtensorMap_st, CUtensorMap_st, CUtensorMap_st)",78,0.728096,9.334564
1,memory_control,unassigned,"void at::native::_scatter_gather_elementwise_kernel<(int)128, (int)8, void at::native::_cuda_scatter_gather_internal_kernel<(bool)0, at::native::OpaqueType<(int)4>, int>::operator ()<at::native::TensorAssign>(at::TensorIterator &, long, long, long, const T1 &)::[lambda(int) (instance 1)]>(int, T3)",78,0.663616,8.507897
1,nvjet,router_projection,nvjet_sm103_tst_64x8_64x16_1x4_h_bz_splitK_TNT,75,0.46128,6.1504
1,other,unassigned,"void <unnamed>::act_and_mul_kernel<__nv_bfloat16, (<unnamed>::ActivationKind)0, (bool)1, (bool)0>(<unnamed>::ActivationParams)",78,0.39536,5.068718
1,cutlass,routed_moe_fused_core,"void moe::dev::finalize::finalizeKernelVecLoad<moe::dev::finalize::KernelParams<cutlass::bfloat16_t, cutlass::bfloat16_t, (int)4, (bool)1>>(T1)",75,0.384224,5.122987
1,other,routed_moe_fused_core,"void moe::dev::routing::routingCustom::routingIndicesClusterKernel<moe::dev::routing::routingCustom::KernelParams<__nv_bfloat16, __nv_bfloat16, (int)256, (int)8, moe::dev::routing::TopKExpertSelect<moe::dev::routing::NoOpPreprocess, moe::dev::routing::SoftmaxPostprocess>>, (int)512>(T1)",75,0.308273,4.110307
1,deepgemm,dsa_index_candidate_scoring,"void deep_gemm::sm100_fp8_paged_mqa_logits<(unsigned int)1, (unsigned int)32, (unsigned int)128, (unsigned int)64, (bool)1, (bool)0, (unsigned int)3, (unsigned int)4, (unsigned int)256, (unsigned int)128, (unsigned int)256, float, (unsigned int)2>(unsigned int, unsigned int, unsigned int, const unsigned int *, T12 *, const unsigned int *, const unsigned int *, const unsigned int *, CUtensorMap_st, CUtensorMap_st, CUtensorMap_st, CUtensorMap_st)",21,0.303136,14.435048
1,cutlass,routed_moe_fused_core,"void moe::dev::activation::activationDeepSeekKernel<moe::dev::activation::KernelParams<cutlass::float_e4m3_t, (int)2, (bool)1>>(T1)",75,0.29808,3.9744
1,flashinfer_trtllm,trtllm_mla_rope_quantize_fp8,"void flashinfer::RopeQuantizeKernel<(bool)1, (unsigned int)16, (unsigned int)1, __nv_bfloat16, long, __nv_fp8_e4m3>(T4 *, T4 *, T4 *, T4 *, T6 *, T6 *, T6 *, T6 *, float *, T5 *, unsigned int, unsigned int, unsigned int, unsigned int, unsigned int, unsigned long, unsigned long, unsigned long, unsigned long, unsigned long, unsigned long, unsigned long, unsigned long, unsigned long, unsigned long, unsigned long, unsigned long, unsigned long, unsigned long, unsigned long, unsigned long, float, float)",78,0.278111,3.565526
1,nvjet,mla_value_restore_bmm,nvjet_sm103_tst_64x32_64x16_2x2_2cta_h_bz_TNT,78,0.27728,3.554872
1,nvjet,mla_absorb_q_bmm,nvjet_sm103_tst_64x64_64x16_2x2_2cta_h_bz_TNT,78,0.268672,3.444513
1,other,routed_moe_input_quant,"void <unnamed>::per_token_group_quant_8bit_v2_kernel<<unnamed>::NaiveScheduler, (int)128, (int)8, __nv_bfloat16, __nv_fp8_e4m3, (bool)1, (bool)0, (bool)0, (bool)1, float>(const T4 *, T5 *, T10 *, const int *, int, int, int, int, int)",75,0.254004,3.38672
1,other,dsa_topk_2048,<unnamed>::topk_kernel(<unnamed>::FastTopKParams),21,0.231071,11.003381
1,flashinfer_trtllm,kv_latent_rmsnorm,kernel_cutlass_kernel_flashinfernormkernelsrmsnormRMSNormKernel_object_at__tensorptrbf16gmemalign16oi64512i64div81_tensorptrbf16gmemalign16o5121_tensorptrbf16gmemalign16oi64512i64div81____0,78,0.20672,2.650256
1,other,routed_moe_fused_core,"void moe::dev::routing::routingCustom::routingIndicesBlockScoresKernel<moe::dev::routing::routingCustom::KernelParams<__nv_bfloat16, __nv_bfloat16, (int)256, (int)8, moe::dev::routing::TopKExpertSelect<moe::dev::routing::SigmoidBiasPreprocess, moe::dev::routing::ScaledSumNormalizePostprocess>>>(T1)",75,0.205685,2.742467
1,flashinfer_trtllm,q_latent_rmsnorm,kernel_cutlass_kernel_flashinfernormkernelsrmsnormRMSNormKernel_object_at__tensorptrbf16gmemalign16oi642048i64div81_tensorptrbf16gmemalign16o20481_tensorptrbf16gmemalign16oi642048i64div81_0,78,0.205024,2.628513
1,deepgemm,unassigned,"void deep_gemm::sm100_fp8_fp4_gemm_1d1d_impl<(cute::UMMA::Major)0, (cute::UMMA::Major)0, (unsigned int)128, (unsigned int)128, (unsigned int)0, (unsigned int)0, (unsigned int)0, (unsigned int)128, (unsigned int)16, (unsigned int)128, (unsigned int)1, (unsigned int)128, (unsigned int)128, (unsigned int)32, (unsigned int)11, (unsigned int)128, (unsigned int)128, (unsigned int)1, (bool)0, (unsigned int)152, (bool)0, (deep_gemm::GemmType)0, (bool)0, cutlass::float_e4m3_t, cutlass::float_e4m3_t, cutlass::bfloat16_t, deep_gemm::epilogue::transform::EpilogueIdentity>(int *, unsigned int, unsigned int, unsigned int, CUtensorMap_st, CUtensorMap_st, CUtensorMap_st, CUtensorMap_st, CUtensorMap_st)",21,0.185568,8.836571
1,cublaslt,router_projection,"void cublasLt::splitKreduce_kernel<(int)32, (int)16, int, float, __nv_bfloat16, float, __nv_bfloat16, (bool)0, float, __nv_bfloat16, __nv_bfloat16, (bool)1, (bool)0, (bool)0, (bool)0>(cublasLt::cublasSplitKParams<T6>, const T4 *, const T10 *, T9 *, T5 *, const T6 *, const T6 *, const T11 *, const T4 *, T11 *, void *, long, T6 *, int *, T6 *, T6 *, const T6 *, const T6 *, const T6 *, const T6 *, const T6 *)",75,0.172704,2.30272
1,other,trtllm_raw_fp8_kv_store,set_mla_kv_buffer_kernel,78,0.165312,2.119385
1,deepgemm,unassigned,"void deep_gemm::sm100_fp8_fp4_gemm_1d1d_impl<(cute::UMMA::Major)0, (cute::UMMA::Major)0, (unsigned int)128, (unsigned int)128, (unsigned int)0, (unsigned int)0, (unsigned int)0, (unsigned int)64, (unsigned int)128, (unsigned int)128, (unsigned int)1, (unsigned int)128, (unsigned int)128, (unsigned int)128, (unsigned int)10, (unsigned int)128, (unsigned int)128, (unsigned int)2, (bool)1, (unsigned int)80, (bool)1, (deep_gemm::GemmType)0, (bool)0, cutlass::float_e4m3_t, cutlass::float_e4m3_t, cutlass::bfloat16_t, deep_gemm::epilogue::transform::EpilogueIdentity>(int *, unsigned int, unsigned int, unsigned int, CUtensorMap_st, CUtensorMap_st, CUtensorMap_st, CUtensorMap_st, CUtensorMap_st)",21,0.154528,7.358476
1,memory_control,unassigned,"void at::native::vectorized_elementwise_kernel<(int)4, at::native::<unnamed>::launch_clamp_scalar(at::TensorIteratorBase &, c10::Scalar, c10::Scalar, at::native::detail::ClampLimits)::[lambda() (instance 1)]::operator ()() const::[lambda() (instance 3)]::operator ()() const::[lambda(int) (instance 1)], std::array<char *, (unsigned long)2>>(int, T2, T3)",78,0.1544,1.979487
1,memory_control,unassigned,"void at::native::vectorized_elementwise_kernel<(int)8, at::native::CUDAFunctor_add<c10::BFloat16>, std::array<char *, (unsigned long)3>>(int, T2, T3)",75,0.137396,1.831947
1,memory_control,unassigned,"void at::native::vectorized_elementwise_kernel<(int)4, void at::native::compare_scalar_kernel<int>(at::TensorIteratorBase &, at::native::<unnamed>::OpType, T1)::[lambda(int) (instance 1)], std::array<char *, (unsigned long)2>>(int, T2, T3)",78,0.120448,1.544205
1,memory_control,unassigned,"void at::native::vectorized_elementwise_kernel<(int)4, at::native::<unnamed>::masked_fill_kernel(at::TensorIterator &, const c10::Scalar &)::[lambda() (instance 1)]::operator ()() const::[lambda() (instance 3)]::operator ()() const::[lambda(int, bool) (instance 1)], std::array<char *, (unsigned long)3>>(int, T2, T3)",78,0.11888,1.524103
1,other,unassigned,"void <unnamed>::fast_hadamard_transform_kernel<<unnamed>::FastHadamardKernelTraits<(int)16, (int)7, __nv_bfloat16>>(HadamardParamsBase)",42,0.108928,2.593524
1,nvjet,index_head_gate_projection,nvjet_sm103_tss_64x8_64x16_1x4_h_bz_splitK_TNT,21,0.10208,4.860952
1,memory_control,unassigned,"void at::native::vectorized_elementwise_kernel<(int)4, at::native::FillFunctor<unsigned char>, std::array<char *, (unsigned long)1>>(int, T2, T3)",78,0.091936,1.178667
1,nccl,unassigned,ncclDevKernel_AllGather_RING_LL(ncclDevKernelArgsStorage<(unsigned long)4096>),1,0.068288,68.288
1,other,unassigned,"void <unnamed>::fused_rope_kernel<(bool)0, (long)64, (bool)1, __nv_bfloat16, long, (unsigned int)8>(<unnamed>::FusedRopeParams)",21,0.049248,2.345143
1,nvjet,lm_head_vocab_shard,nvjet_sm103_tst_256x56_64x5_1x2_h_bz_TNT,1,0.04672,46.72
1,other,unassigned,_act_quant_kernel,21,0.046176,2.198857
1,memory_control,unassigned,"void <unnamed>::fused_store_indexer_cache<__nv_bfloat16, long, (unsigned int)6, (bool)1>(<unnamed>::FusedStoreCacheParam)",21,0.046048,2.192762
1,cublaslt,index_head_gate_projection,"void cublasLt::splitKreduce_kernel<(int)32, (int)16, int, float, float, float, float, (bool)0, float, float, float, (bool)1, (bool)0, (bool)0, (bool)0>(cublasLt::cublasSplitKParams<T6>, const T4 *, const T10 *, T9 *, T5 *, const T6 *, const T6 *, const T11 *, const T4 *, T11 *, void *, long, T6 *, int *, T6 *, T6 *, const T6 *, const T6 *, const T6 *, const T6 *, const T6 *)",21,0.04144,1.973333
1,triton,unassigned,triton_poi_fused_mul_unsqueeze_0,21,0.039936,1.901714
1,flashinfer_trtllm,index_key_layernorm,kernel_cutlass_kernel_flashinfernormkernelslayernormLayerNormKernel_object_at__tensorptrbf16gmemalign16oi64128i64div41_tensorptrbf16gmemalign16oi64128i64div41_tensorptrf32gmemalign16o1281_0,21,0.03696,1.76
1,memory_control,unassigned,"void at::native::unrolled_elementwise_kernel<at::native::direct_copy_kernel_cuda(at::TensorIteratorBase &)::[lambda() (instance 3)]::operator ()() const::[lambda() (instance 7)]::operator ()() const::[lambda(float) (instance 1)], std::array<char *, (unsigned long)2>, (int)4, TrivialOffsetCalculator<(int)1, unsigned int>, TrivialOffsetCalculator<(int)1, unsigned int>, at::native::memory::LoadWithCast<(int)1>, at::native::memory::StoreWithCast<(int)1>>(int, T1, T2, T4, T5, T6, T7)",1,0.030528,30.528
1,deepgemm,unassigned,"void deep_gemm::sm100_fp8_fp4_gemm_1d1d_impl<(cute::UMMA::Major)0, (cute::UMMA::Major)0, (unsigned int)128, (unsigned int)128, (unsigned int)0, (unsigned int)0, (unsigned int)0, (unsigned int)32, (unsigned int)128, (unsigned int)128, (unsigned int)1, (unsigned int)128, (unsigned int)128, (unsigned int)128, (unsigned int)11, (unsigned int)128, (unsigned int)128, (unsigned int)2, (bool)1, (unsigned int)152, (bool)1, (deep_gemm::GemmType)0, (bool)0, cutlass::float_e4m3_t, cutlass::float_e4m3_t, cutlass::bfloat16_t, deep_gemm::epilogue::transform::EpilogueIdentity>(int *, unsigned int, unsigned int, unsigned int, CUtensorMap_st, CUtensorMap_st, CUtensorMap_st, CUtensorMap_st, CUtensorMap_st)",3,0.029792,9.930667
1,memory_control,unassigned,"void at::native::elementwise_kernel<(int)128, (int)4, void at::native::gpu_kernel_impl_nocast<at::native::direct_copy_kernel_cuda(at::TensorIteratorBase &)::[lambda() (instance 3)]::operator ()() const::[lambda() (instance 12)]::operator ()() const::[lambda(c10::BFloat16) (instance 1)]>(at::TensorIteratorBase &, const T1 &)::[lambda(int) (instance 1)]>(int, T3)",1,0.02912,29.12
1,triton,unassigned,triton_poi_fused_mul_0,21,0.0256,1.219048
1,flashinfer_trtllm,fused_add_rmsnorm_hidden,kernel_cutlass_kernel_flashinfernormkernelsfused_add_rmsnormFusedAddRMSNormKernel_object_at__tensorptrbf16gmemalign128oi64614461441_tensorptrbf16gmemalign128oi64614461441_tensorptrbf16gme_0,1,0.004992,4.992
1,flashinfer_trtllm,unassigned,kernel_cutlass_kernel_flashinfernormkernelsrmsnormRMSNormKernel_object_at__tensorptrbf16gmemalign128oi64614461441_tensorptrbf16gmemalign16o61441_tensorptrbf16gmemalign128oi64614461441___T_0,1,0.003584,3.584
1,memory_control,unassigned,"void at::native::vectorized_gather_kernel<(int)16, long>(char *, char *, T2 *, int, long, long, long, long, bool)",1,0.003168,3.168
1,memory_control,unassigned,"void at::native::elementwise_kernel<(int)128, (int)4, void at::native::gpu_kernel_impl_nocast<at::native::<unnamed>::masked_fill_kernel(at::TensorIterator &, const c10::Scalar &)::[lambda() (instance 1)]::operator ()() const::[lambda() (instance 12)]::operator ()() const::[lambda(c10::BFloat16, bool) (instance 1)]>(at::TensorIteratorBase &, const T1 &)::[lambda(int) (instance 1)]>(int, T3)",1,0.00272,2.72
1,triton,unassigned,triton_poi_fused_add_bitwise_and_bitwise_not_bitwise_or_ge_lt_mul_sub_0,1,0.001856,1.856
1,memory_control,unassigned,"void at::native::vectorized_elementwise_kernel<(int)4, at::native::FillFunctor<float>, std::array<char *, (unsigned long)1>>(int, T2, T3)",1,0.001056,1.056
2,nccl,unassigned,ncclDevKernel_AllReduce_Sum_bf16_RING_LL(ncclDevKernelArgsStorage<(unsigned long)4096>),2,17.871936,8935.968
2,other,routed_moe_fused_core,bmm_E4m3_E4m3E4m3_Fp32_t128x8x128u2_s8_et64x8_m64x8x32_c1x1x1_rM_TN_transOut_noShfl_dsFp8_schPd4x2x2x3_bN_tma_tmaSf_rgTma_clmp_lbW2_dynB_sm100f,75,2.737568,36.500907
2,other,sparse_mla_trtllm_decode,fmhaSm100fKernel_QkvE4m3OBfloat16HQk576HV512PagedKvDenseStaticTokenSparseP1VarSeqQ8Kv128PersistentSwapsAbForGen,78,2.542367,32.594449
2,other,routed_moe_fused_core,bmm_Bfloat16_E4m3E4m3_Fp32_t128x8x128u2_s8_et64x8_m64x8x32_c1x1x1_rM_TN_transOut_noShfl_dsFp8_schPd4x2x2x3_bN_rgTma_clmp_dynB_sm100f,75,2.28384,30.4512
2,other,unassigned,"void <unnamed>::per_token_group_quant_8bit_v2_kernel<<unnamed>::NaiveScheduler, (int)128, (int)8, __nv_bfloat16, __nv_fp8_e4m3, (bool)1, (bool)1, (bool)0, (bool)1, unsigned int>(const T4 *, T5 *, T10 *, const int *, int, int, int, int, int)",432,1.687008,3.905111
2,deepgemm,unassigned,"void deep_gemm::sm100_fp8_fp4_gemm_1d1d_impl<(cute::UMMA::Major)0, (cute::UMMA::Major)0, (unsigned int)128, (unsigned int)128, (unsigned int)0, (unsigned int)0, (unsigned int)0, (unsigned int)16, (unsigned int)128, (unsigned int)128, (unsigned int)1, (unsigned int)128, (unsigned int)128, (unsigned int)128, (unsigned int)12, (unsigned int)128, (unsigned int)128, (unsigned int)2, (bool)1, (unsigned int)152, (bool)1, (deep_gemm::GemmType)0, (bool)0, cutlass::float_e4m3_t, cutlass::float_e4m3_t, cutlass::bfloat16_t, deep_gemm::epilogue::transform::EpilogueIdentity>(int *, unsigned int, unsigned int, unsigned int, CUtensorMap_st, CUtensorMap_st, CUtensorMap_st, CUtensorMap_st, CUtensorMap_st)",153,1.354144,8.850614
2,deepgemm,unassigned,"void deep_gemm::sm100_fp8_fp4_gemm_1d1d_impl<(cute::UMMA::Major)0, (cute::UMMA::Major)0, (unsigned int)128, (unsigned int)128, (unsigned int)0, (unsigned int)0, (unsigned int)0, (unsigned int)48, (unsigned int)128, (unsigned int)128, (unsigned int)1, (unsigned int)128, (unsigned int)128, (unsigned int)128, (unsigned int)10, (unsigned int)128, (unsigned int)128, (unsigned int)2, (bool)1, (unsigned int)152, (bool)1, (deep_gemm::GemmType)0, (bool)0, cutlass::float_e4m3_t, cutlass::float_e4m3_t, cutlass::bfloat16_t, deep_gemm::epilogue::transform::EpilogueIdentity>(int *, unsigned int, unsigned int, unsigned int, CUtensorMap_st, CUtensorMap_st, CUtensorMap_st, CUtensorMap_st, CUtensorMap_st)",156,1.18992,7.627692
2,flashinfer_trtllm,unassigned,"void flashinfer::trtllm_mnnvl_allreduce::rmsNormLamport<__nv_bfloat16, (flashinfer::trtllm_mnnvl_allreduce::QuantType)0, (bool)0, (int)1, float4>(flashinfer::trtllm_mnnvl_allreduce::AllReduceKernelParams<T1>)",155,1.117696,7.210942
2,flashinfer_trtllm,unassigned,"void flashinfer::trtllm_mnnvl_allreduce::twoshotAllreduceKernel<(unsigned char)8, __nv_bfloat16, (bool)0, float4>(flashinfer::trtllm_mnnvl_allreduce::AllReduceKernelParams<T2>)",155,1.11104,7.168
2,deepgemm,unassigned,"void deep_gemm::sm100_fp8_fp4_gemm_1d1d_impl<(cute::UMMA::Major)0, (cute::UMMA::Major)0, (unsigned int)128, (unsigned int)128, (unsigned int)0, (unsigned int)0, (unsigned int)0, (unsigned int)16, (unsigned int)128, (unsigned int)128, (unsigned int)1, (unsigned int)128, (unsigned int)128, (unsigned int)128, (unsigned int)11, (unsigned int)128, (unsigned int)128, (unsigned int)1, (bool)0, (unsigned int)152, (bool)1, (deep_gemm::GemmType)0, (bool)0, cutlass::float_e4m3_t, cutlass::float_e4m3_t, cutlass::bfloat16_t, deep_gemm::epilogue::transform::EpilogueIdentity>(int *, unsigned int, unsigned int, unsigned int, CUtensorMap_st, CUtensorMap_st, CUtensorMap_st, CUtensorMap_st, CUtensorMap_st)",78,0.728448,9.339077
2,memory_control,unassigned,"void at::native::_scatter_gather_elementwise_kernel<(int)128, (int)8, void at::native::_cuda_scatter_gather_internal_kernel<(bool)0, at::native::OpaqueType<(int)4>, int>::operator ()<at::native::TensorAssign>(at::TensorIterator &, long, long, long, const T1 &)::[lambda(int) (instance 1)]>(int, T3)",78,0.664032,8.513231
2,nvjet,router_projection,nvjet_sm103_tst_64x8_64x16_1x4_h_bz_splitK_TNT,75,0.467296,6.230613
2,cutlass,routed_moe_fused_core,"void moe::dev::activation::activationDeepSeekKernel<moe::dev::activation::KernelParams<cutlass::float_e4m3_t, (int)2, (bool)1>>(T1)",75,0.446048,5.947307
2,cutlass,routed_moe_fused_core,"void moe::dev::finalize::finalizeKernelVecLoad<moe::dev::finalize::KernelParams<cutlass::bfloat16_t, cutlass::bfloat16_t, (int)4, (bool)1>>(T1)",75,0.38672,5.156267
2,other,routed_moe_fused_core,"void moe::dev::routing::routingCustom::routingIndicesClusterKernel<moe::dev::routing::routingCustom::KernelParams<__nv_bfloat16, __nv_bfloat16, (int)256, (int)8, moe::dev::routing::TopKExpertSelect<moe::dev::routing::NoOpPreprocess, moe::dev::routing::SoftmaxPostprocess>>, (int)512>(T1)",75,0.356478,4.75304
2,other,unassigned,"void <unnamed>::act_and_mul_kernel<__nv_bfloat16, (<unnamed>::ActivationKind)0, (bool)1, (bool)0>(<unnamed>::ActivationParams)",78,0.309728,3.970872
2,deepgemm,dsa_index_candidate_scoring,"void deep_gemm::sm100_fp8_paged_mqa_logits<(unsigned int)1, (unsigned int)32, (unsigned int)128, (unsigned int)64, (bool)1, (bool)0, (unsigned int)3, (unsigned int)4, (unsigned int)256, (unsigned int)128, (unsigned int)256, float, (unsigned int)2>(unsigned int, unsigned int, unsigned int, const unsigned int *, T12 *, const unsigned int *, const unsigned int *, const unsigned int *, CUtensorMap_st, CUtensorMap_st, CUtensorMap_st, CUtensorMap_st)",21,0.302624,14.410667
2,flashinfer_trtllm,trtllm_mla_rope_quantize_fp8,"void flashinfer::RopeQuantizeKernel<(bool)1, (unsigned int)16, (unsigned int)1, __nv_bfloat16, long, __nv_fp8_e4m3>(T4 *, T4 *, T4 *, T4 *, T6 *, T6 *, T6 *, T6 *, float *, T5 *, unsigned int, unsigned int, unsigned int, unsigned int, unsigned int, unsigned long, unsigned long, unsigned long, unsigned long, unsigned long, unsigned long, unsigned long, unsigned long, unsigned long, unsigned long, unsigned long, unsigned long, unsigned long, unsigned long, unsigned long, unsigned long, float, float)",78,0.290558,3.725103
2,nvjet,mla_absorb_q_bmm,nvjet_sm103_tst_64x64_64x16_2x2_2cta_h_bz_TNT,78,0.2752,3.528205
2,nvjet,mla_value_restore_bmm,nvjet_sm103_tst_64x32_64x16_2x2_2cta_h_bz_TNT,78,0.27328,3.50359
2,other,routed_moe_input_quant,"void <unnamed>::per_token_group_quant_8bit_v2_kernel<<unnamed>::NaiveScheduler, (int)128, (int)8, __nv_bfloat16, __nv_fp8_e4m3, (bool)1, (bool)0, (bool)0, (bool)1, float>(const T4 *, T5 *, T10 *, const int *, int, int, int, int, int)",75,0.27212,3.628267
2,other,dsa_topk_2048,<unnamed>::topk_kernel(<unnamed>::FastTopKParams),21,0.236064,11.241143
2,other,routed_moe_fused_core,"void moe::dev::routing::routingCustom::routingIndicesBlockScoresKernel<moe::dev::routing::routingCustom::KernelParams<__nv_bfloat16, __nv_bfloat16, (int)256, (int)8, moe::dev::routing::TopKExpertSelect<moe::dev::routing::SigmoidBiasPreprocess, moe::dev::routing::ScaledSumNormalizePostprocess>>>(T1)",75,0.210447,2.80596
2,flashinfer_trtllm,q_latent_rmsnorm,kernel_cutlass_kernel_flashinfernormkernelsrmsnormRMSNormKernel_object_at__tensorptrbf16gmemalign16oi642048i64div81_tensorptrbf16gmemalign16o20481_tensorptrbf16gmemalign16oi642048i64div81_0,78,0.208832,2.677333
2,flashinfer_trtllm,kv_latent_rmsnorm,kernel_cutlass_kernel_flashinfernormkernelsrmsnormRMSNormKernel_object_at__tensorptrbf16gmemalign16oi64512i64div81_tensorptrbf16gmemalign16o5121_tensorptrbf16gmemalign16oi64512i64div81____0,78,0.205056,2.628923
2,deepgemm,unassigned,"void deep_gemm::sm100_fp8_fp4_gemm_1d1d_impl<(cute::UMMA::Major)0, (cute::UMMA::Major)0, (unsigned int)128, (unsigned int)128, (unsigned int)0, (unsigned int)0, (unsigned int)0, (unsigned int)128, (unsigned int)16, (unsigned int)128, (unsigned int)1, (unsigned int)128, (unsigned int)128, (unsigned int)32, (unsigned int)11, (unsigned int)128, (unsigned int)128, (unsigned int)1, (bool)0, (unsigned int)152, (bool)0, (deep_gemm::GemmType)0, (bool)0, cutlass::float_e4m3_t, cutlass::float_e4m3_t, cutlass::bfloat16_t, deep_gemm::epilogue::transform::EpilogueIdentity>(int *, unsigned int, unsigned int, unsigned int, CUtensorMap_st, CUtensorMap_st, CUtensorMap_st, CUtensorMap_st, CUtensorMap_st)",21,0.186464,8.879238
2,cublaslt,router_projection,"void cublasLt::splitKreduce_kernel<(int)32, (int)16, int, float, __nv_bfloat16, float, __nv_bfloat16, (bool)0, float, __nv_bfloat16, __nv_bfloat16, (bool)1, (bool)0, (bool)0, (bool)0>(cublasLt::cublasSplitKParams<T6>, const T4 *, const T10 *, T9 *, T5 *, const T6 *, const T6 *, const T11 *, const T4 *, T11 *, void *, long, T6 *, int *, T6 *, T6 *, const T6 *, const T6 *, const T6 *, const T6 *, const T6 *)",75,0.186368,2.484907
2,other,trtllm_raw_fp8_kv_store,set_mla_kv_buffer_kernel,78,0.167104,2.142359
2,deepgemm,unassigned,"void deep_gemm::sm100_fp8_fp4_gemm_1d1d_impl<(cute::UMMA::Major)0, (cute::UMMA::Major)0, (unsigned int)128, (unsigned int)128, (unsigned int)0, (unsigned int)0, (unsigned int)0, (unsigned int)64, (unsigned int)128, (unsigned int)128, (unsigned int)1, (unsigned int)128, (unsigned int)128, (unsigned int)128, (unsigned int)10, (unsigned int)128, (unsigned int)128, (unsigned int)2, (bool)1, (unsigned int)80, (bool)1, (deep_gemm::GemmType)0, (bool)0, cutlass::float_e4m3_t, cutlass::float_e4m3_t, cutlass::bfloat16_t, deep_gemm::epilogue::transform::EpilogueIdentity>(int *, unsigned int, unsigned int, unsigned int, CUtensorMap_st, CUtensorMap_st, CUtensorMap_st, CUtensorMap_st, CUtensorMap_st)",21,0.15584,7.420952
2,memory_control,unassigned,"void at::native::vectorized_elementwise_kernel<(int)4, at::native::<unnamed>::launch_clamp_scalar(at::TensorIteratorBase &, c10::Scalar, c10::Scalar, at::native::detail::ClampLimits)::[lambda() (instance 1)]::operator ()() const::[lambda() (instance 3)]::operator ()() const::[lambda(int) (instance 1)], std::array<char *, (unsigned long)2>>(int, T2, T3)",78,0.155456,1.993026
2,memory_control,unassigned,"void at::native::vectorized_elementwise_kernel<(int)8, at::native::CUDAFunctor_add<c10::BFloat16>, std::array<char *, (unsigned long)3>>(int, T2, T3)",75,0.146608,1.954773
2,memory_control,unassigned,"void at::native::vectorized_elementwise_kernel<(int)4, void at::native::compare_scalar_kernel<int>(at::TensorIteratorBase &, at::native::<unnamed>::OpType, T1)::[lambda(int) (instance 1)], std::array<char *, (unsigned long)2>>(int, T2, T3)",78,0.122624,1.572103
2,memory_control,unassigned,"void at::native::vectorized_elementwise_kernel<(int)4, at::native::<unnamed>::masked_fill_kernel(at::TensorIterator &, const c10::Scalar &)::[lambda() (instance 1)]::operator ()() const::[lambda() (instance 3)]::operator ()() const::[lambda(int, bool) (instance 1)], std::array<char *, (unsigned long)3>>(int, T2, T3)",78,0.121184,1.553641
2,other,unassigned,"void <unnamed>::fast_hadamard_transform_kernel<<unnamed>::FastHadamardKernelTraits<(int)16, (int)7, __nv_bfloat16>>(HadamardParamsBase)",42,0.109664,2.611048
2,memory_control,unassigned,"void at::native::vectorized_elementwise_kernel<(int)4, at::native::FillFunctor<unsigned char>, std::array<char *, (unsigned long)1>>(int, T2, T3)",78,0.107573,1.379141
2,nvjet,index_head_gate_projection,nvjet_sm103_tss_64x8_64x16_1x4_h_bz_splitK_TNT,21,0.101408,4.828952
2,nccl,unassigned,ncclDevKernel_AllGather_RING_LL(ncclDevKernelArgsStorage<(unsigned long)4096>),1,0.06848,68.48
2,other,unassigned,"void <unnamed>::fused_rope_kernel<(bool)0, (long)64, (bool)1, __nv_bfloat16, long, (unsigned int)8>(<unnamed>::FusedRopeParams)",21,0.049216,2.343619
2,cublaslt,index_head_gate_projection,"void cublasLt::splitKreduce_kernel<(int)32, (int)16, int, float, float, float, float, (bool)0, float, float, float, (bool)1, (bool)0, (bool)0, (bool)0>(cublasLt::cublasSplitKParams<T6>, const T4 *, const T10 *, T9 *, T5 *, const T6 *, const T6 *, const T11 *, const T4 *, T11 *, void *, long, T6 *, int *, T6 *, T6 *, const T6 *, const T6 *, const T6 *, const T6 *, const T6 *)",21,0.048256,2.297905
2,nvjet,lm_head_vocab_shard,nvjet_sm103_tst_256x56_64x5_1x2_h_bz_TNT,1,0.046496,46.496
2,memory_control,unassigned,"void <unnamed>::fused_store_indexer_cache<__nv_bfloat16, long, (unsigned int)6, (bool)1>(<unnamed>::FusedStoreCacheParam)",21,0.0464,2.209524
2,other,unassigned,_act_quant_kernel,21,0.045824,2.182095
2,triton,unassigned,triton_poi_fused_mul_unsqueeze_0,21,0.041216,1.962667
2,flashinfer_trtllm,index_key_layernorm,kernel_cutlass_kernel_flashinfernormkernelslayernormLayerNormKernel_object_at__tensorptrbf16gmemalign16oi64128i64div41_tensorptrbf16gmemalign16oi64128i64div41_tensorptrf32gmemalign16o1281_0,21,0.037472,1.784381
2,memory_control,unassigned,"void at::native::unrolled_elementwise_kernel<at::native::direct_copy_kernel_cuda(at::TensorIteratorBase &)::[lambda() (instance 3)]::operator ()() const::[lambda() (instance 7)]::operator ()() const::[lambda(float) (instance 1)], std::array<char *, (unsigned long)2>, (int)4, TrivialOffsetCalculator<(int)1, unsigned int>, TrivialOffsetCalculator<(int)1, unsigned int>, at::native::memory::LoadWithCast<(int)1>, at::native::memory::StoreWithCast<(int)1>>(int, T1, T2, T4, T5, T6, T7)",1,0.030592,30.592
2,deepgemm,unassigned,"void deep_gemm::sm100_fp8_fp4_gemm_1d1d_impl<(cute::UMMA::Major)0, (cute::UMMA::Major)0, (unsigned int)128, (unsigned int)128, (unsigned int)0, (unsigned int)0, (unsigned int)0, (unsigned int)32, (unsigned int)128, (unsigned int)128, (unsigned int)1, (unsigned int)128, (unsigned int)128, (unsigned int)128, (unsigned int)11, (unsigned int)128, (unsigned int)128, (unsigned int)2, (bool)1, (unsigned int)152, (bool)1, (deep_gemm::GemmType)0, (bool)0, cutlass::float_e4m3_t, cutlass::float_e4m3_t, cutlass::bfloat16_t, deep_gemm::epilogue::transform::EpilogueIdentity>(int *, unsigned int, unsigned int, unsigned int, CUtensorMap_st, CUtensorMap_st, CUtensorMap_st, CUtensorMap_st, CUtensorMap_st)",3,0.030304,10.101333
2,memory_control,unassigned,"void at::native::elementwise_kernel<(int)128, (int)4, void at::native::gpu_kernel_impl_nocast<at::native::direct_copy_kernel_cuda(at::TensorIteratorBase &)::[lambda() (instance 3)]::operator ()() const::[lambda() (instance 12)]::operator ()() const::[lambda(c10::BFloat16) (instance 1)]>(at::TensorIteratorBase &, const T1 &)::[lambda(int) (instance 1)]>(int, T3)",1,0.029024,29.024
2,triton,unassigned,triton_poi_fused_mul_0,21,0.025181,1.199095
2,flashinfer_trtllm,fused_add_rmsnorm_hidden,kernel_cutlass_kernel_flashinfernormkernelsfused_add_rmsnormFusedAddRMSNormKernel_object_at__tensorptrbf16gmemalign128oi64614461441_tensorptrbf16gmemalign128oi64614461441_tensorptrbf16gme_0,1,0.005056,5.056
2,flashinfer_trtllm,unassigned,kernel_cutlass_kernel_flashinfernormkernelsrmsnormRMSNormKernel_object_at__tensorptrbf16gmemalign128oi64614461441_tensorptrbf16gmemalign16o61441_tensorptrbf16gmemalign128oi64614461441___T_0,1,0.003776,3.776
2,memory_control,unassigned,"void at::native::vectorized_gather_kernel<(int)16, long>(char *, char *, T2 *, int, long, long, long, long, bool)",1,0.003008,3.008
2,memory_control,unassigned,"void at::native::elementwise_kernel<(int)128, (int)4, void at::native::gpu_kernel_impl_nocast<at::native::<unnamed>::masked_fill_kernel(at::TensorIterator &, const c10::Scalar &)::[lambda() (instance 1)]::operator ()() const::[lambda() (instance 12)]::operator ()() const::[lambda(c10::BFloat16, bool) (instance 1)]>(at::TensorIteratorBase &, const T1 &)::[lambda(int) (instance 1)]>(int, T3)",1,0.00272,2.72
2,triton,unassigned,triton_poi_fused_add_bitwise_and_bitwise_not_bitwise_or_ge_lt_mul_sub_0,1,0.001984,1.984
2,memory_control,unassigned,"void at::native::vectorized_elementwise_kernel<(int)4, at::native::FillFunctor<float>, std::array<char *, (unsigned long)1>>(int, T2, T3)",1,0.001152,1.152
3,nccl,unassigned,ncclDevKernel_AllReduce_Sum_bf16_RING_LL(ncclDevKernelArgsStorage<(unsigned long)4096>),2,15.79632,7898.16
3,other,routed_moe_fused_core,bmm_E4m3_E4m3E4m3_Fp32_t128x8x128u2_s8_et64x8_m64x8x32_c1x1x1_rM_TN_transOut_noShfl_dsFp8_schPd4x2x2x3_bN_tma_tmaSf_rgTma_clmp_lbW2_dynB_sm100f,75,2.722304,36.297387
3,other,sparse_mla_trtllm_decode,fmhaSm100fKernel_QkvE4m3OBfloat16HQk576HV512PagedKvDenseStaticTokenSparseP1VarSeqQ8Kv128PersistentSwapsAbForGen,78,2.543424,32.608
3,other,routed_moe_fused_core,bmm_Bfloat16_E4m3E4m3_Fp32_t128x8x128u2_s8_et64x8_m64x8x32_c1x1x1_rM_TN_transOut_noShfl_dsFp8_schPd4x2x2x3_bN_rgTma_clmp_dynB_sm100f,75,2.277856,30.371413
3,other,unassigned,"void <unnamed>::per_token_group_quant_8bit_v2_kernel<<unnamed>::NaiveScheduler, (int)128, (int)8, __nv_bfloat16, __nv_fp8_e4m3, (bool)1, (bool)1, (bool)0, (bool)1, unsigned int>(const T4 *, T5 *, T10 *, const int *, int, int, int, int, int)",432,1.73568,4.017778
3,deepgemm,unassigned,"void deep_gemm::sm100_fp8_fp4_gemm_1d1d_impl<(cute::UMMA::Major)0, (cute::UMMA::Major)0, (unsigned int)128, (unsigned int)128, (unsigned int)0, (unsigned int)0, (unsigned int)0, (unsigned int)16, (unsigned int)128, (unsigned int)128, (unsigned int)1, (unsigned int)128, (unsigned int)128, (unsigned int)128, (unsigned int)12, (unsigned int)128, (unsigned int)128, (unsigned int)2, (bool)1, (unsigned int)152, (bool)1, (deep_gemm::GemmType)0, (bool)0, cutlass::float_e4m3_t, cutlass::float_e4m3_t, cutlass::bfloat16_t, deep_gemm::epilogue::transform::EpilogueIdentity>(int *, unsigned int, unsigned int, unsigned int, CUtensorMap_st, CUtensorMap_st, CUtensorMap_st, CUtensorMap_st, CUtensorMap_st)",153,1.3488,8.815686
3,deepgemm,unassigned,"void deep_gemm::sm100_fp8_fp4_gemm_1d1d_impl<(cute::UMMA::Major)0, (cute::UMMA::Major)0, (unsigned int)128, (unsigned int)128, (unsigned int)0, (unsigned int)0, (unsigned int)0, (unsigned int)48, (unsigned int)128, (unsigned int)128, (unsigned int)1, (unsigned int)128, (unsigned int)128, (unsigned int)128, (unsigned int)10, (unsigned int)128, (unsigned int)128, (unsigned int)2, (bool)1, (unsigned int)152, (bool)1, (deep_gemm::GemmType)0, (bool)0, cutlass::float_e4m3_t, cutlass::float_e4m3_t, cutlass::bfloat16_t, deep_gemm::epilogue::transform::EpilogueIdentity>(int *, unsigned int, unsigned int, unsigned int, CUtensorMap_st, CUtensorMap_st, CUtensorMap_st, CUtensorMap_st, CUtensorMap_st)",156,1.258144,8.065026
3,flashinfer_trtllm,unassigned,"void flashinfer::trtllm_mnnvl_allreduce::twoshotAllreduceKernel<(unsigned char)8, __nv_bfloat16, (bool)0, float4>(flashinfer::trtllm_mnnvl_allreduce::AllReduceKernelParams<T2>)",155,1.16528,7.517935
3,flashinfer_trtllm,unassigned,"void flashinfer::trtllm_mnnvl_allreduce::rmsNormLamport<__nv_bfloat16, (flashinfer::trtllm_mnnvl_allreduce::QuantType)0, (bool)0, (int)1, float4>(flashinfer::trtllm_mnnvl_allreduce::AllReduceKernelParams<T1>)",155,1.160704,7.488413
3,deepgemm,unassigned,"void deep_gemm::sm100_fp8_fp4_gemm_1d1d_impl<(cute::UMMA::Major)0, (cute::UMMA::Major)0, (unsigned int)128, (unsigned int)128, (unsigned int)0, (unsigned int)0, (unsigned int)0, (unsigned int)16, (unsigned int)128, (unsigned int)128, (unsigned int)1, (unsigned int)128, (unsigned int)128, (unsigned int)128, (unsigned int)11, (unsigned int)128, (unsigned int)128, (unsigned int)1, (bool)0, (unsigned int)152, (bool)1, (deep_gemm::GemmType)0, (bool)0, cutlass::float_e4m3_t, cutlass::float_e4m3_t, cutlass::bfloat16_t, deep_gemm::epilogue::transform::EpilogueIdentity>(int *, unsigned int, unsigned int, unsigned int, CUtensorMap_st, CUtensorMap_st, CUtensorMap_st, CUtensorMap_st, CUtensorMap_st)",78,0.726112,9.309128
3,memory_control,unassigned,"void at::native::_scatter_gather_elementwise_kernel<(int)128, (int)8, void at::native::_cuda_scatter_gather_internal_kernel<(bool)0, at::native::OpaqueType<(int)4>, int>::operator ()<at::native::TensorAssign>(at::TensorIterator &, long, long, long, const T1 &)::[lambda(int) (instance 1)]>(int, T3)",78,0.663808,8.510359
3,nvjet,router_projection,nvjet_sm103_tst_64x8_64x16_1x4_h_bz_splitK_TNT,75,0.462784,6.170453
3,cutlass,routed_moe_fused_core,"void moe::dev::activation::activationDeepSeekKernel<moe::dev::activation::KernelParams<cutlass::float_e4m3_t, (int)2, (bool)1>>(T1)",75,0.398432,5.312427
3,cutlass,routed_moe_fused_core,"void moe::dev::finalize::finalizeKernelVecLoad<moe::dev::finalize::KernelParams<cutlass::bfloat16_t, cutlass::bfloat16_t, (int)4, (bool)1>>(T1)",75,0.38624,5.149867
3,other,routed_moe_fused_core,"void moe::dev::routing::routingCustom::routingIndicesClusterKernel<moe::dev::routing::routingCustom::KernelParams<__nv_bfloat16, __nv_bfloat16, (int)256, (int)8, moe::dev::routing::TopKExpertSelect<moe::dev::routing::NoOpPreprocess, moe::dev::routing::SoftmaxPostprocess>>, (int)512>(T1)",75,0.352256,4.696747
3,other,unassigned,"void <unnamed>::act_and_mul_kernel<__nv_bfloat16, (<unnamed>::ActivationKind)0, (bool)1, (bool)0>(<unnamed>::ActivationParams)",78,0.332223,4.259269
3,deepgemm,dsa_index_candidate_scoring,"void deep_gemm::sm100_fp8_paged_mqa_logits<(unsigned int)1, (unsigned int)32, (unsigned int)128, (unsigned int)64, (bool)1, (bool)0, (unsigned int)3, (unsigned int)4, (unsigned int)256, (unsigned int)128, (unsigned int)256, float, (unsigned int)2>(unsigned int, unsigned int, unsigned int, const unsigned int *, T12 *, const unsigned int *, const unsigned int *, const unsigned int *, CUtensorMap_st, CUtensorMap_st, CUtensorMap_st, CUtensorMap_st)",21,0.302688,14.413714
3,flashinfer_trtllm,trtllm_mla_rope_quantize_fp8,"void flashinfer::RopeQuantizeKernel<(bool)1, (unsigned int)16, (unsigned int)1, __nv_bfloat16, long, __nv_fp8_e4m3>(T4 *, T4 *, T4 *, T4 *, T6 *, T6 *, T6 *, T6 *, float *, T5 *, unsigned int, unsigned int, unsigned int, unsigned int, unsigned int, unsigned long, unsigned long, unsigned long, unsigned long, unsigned long, unsigned long, unsigned long, unsigned long, unsigned long, unsigned long, unsigned long, unsigned long, unsigned long, unsigned long, unsigned long, unsigned long, float, float)",78,0.29107,3.731667
3,nvjet,mla_value_restore_bmm,nvjet_sm103_tst_64x32_64x16_2x2_2cta_h_bz_TNT,78,0.274976,3.525333
3,nvjet,mla_absorb_q_bmm,nvjet_sm103_tst_64x64_64x16_2x2_2cta_h_bz_TNT,78,0.274944,3.524923
3,other,routed_moe_input_quant,"void <unnamed>::per_token_group_quant_8bit_v2_kernel<<unnamed>::NaiveScheduler, (int)128, (int)8, __nv_bfloat16, __nv_fp8_e4m3, (bool)1, (bool)0, (bool)0, (bool)1, float>(const T4 *, T5 *, T10 *, const int *, int, int, int, int, int)",75,0.269401,3.592013
3,other,dsa_topk_2048,<unnamed>::topk_kernel(<unnamed>::FastTopKParams),21,0.236576,11.265524
3,flashinfer_trtllm,q_latent_rmsnorm,kernel_cutlass_kernel_flashinfernormkernelsrmsnormRMSNormKernel_object_at__tensorptrbf16gmemalign16oi642048i64div81_tensorptrbf16gmemalign16o20481_tensorptrbf16gmemalign16oi642048i64div81_0,78,0.210176,2.694564
3,other,routed_moe_fused_core,"void moe::dev::routing::routingCustom::routingIndicesBlockScoresKernel<moe::dev::routing::routingCustom::KernelParams<__nv_bfloat16, __nv_bfloat16, (int)256, (int)8, moe::dev::routing::TopKExpertSelect<moe::dev::routing::SigmoidBiasPreprocess, moe::dev::routing::ScaledSumNormalizePostprocess>>>(T1)",75,0.208529,2.780387
3,flashinfer_trtllm,kv_latent_rmsnorm,kernel_cutlass_kernel_flashinfernormkernelsrmsnormRMSNormKernel_object_at__tensorptrbf16gmemalign16oi64512i64div81_tensorptrbf16gmemalign16o5121_tensorptrbf16gmemalign16oi64512i64div81____0,78,0.20512,2.629744
3,cublaslt,router_projection,"void cublasLt::splitKreduce_kernel<(int)32, (int)16, int, float, __nv_bfloat16, float, __nv_bfloat16, (bool)0, float, __nv_bfloat16, __nv_bfloat16, (bool)1, (bool)0, (bool)0, (bool)0>(cublasLt::cublasSplitKParams<T6>, const T4 *, const T10 *, T9 *, T5 *, const T6 *, const T6 *, const T11 *, const T4 *, T11 *, void *, long, T6 *, int *, T6 *, T6 *, const T6 *, const T6 *, const T6 *, const T6 *, const T6 *)",75,0.188256,2.51008
3,deepgemm,unassigned,"void deep_gemm::sm100_fp8_fp4_gemm_1d1d_impl<(cute::UMMA::Major)0, (cute::UMMA::Major)0, (unsigned int)128, (unsigned int)128, (unsigned int)0, (unsigned int)0, (unsigned int)0, (unsigned int)128, (unsigned int)16, (unsigned int)128, (unsigned int)1, (unsigned int)128, (unsigned int)128, (unsigned int)32, (unsigned int)11, (unsigned int)128, (unsigned int)128, (unsigned int)1, (bool)0, (unsigned int)152, (bool)0, (deep_gemm::GemmType)0, (bool)0, cutlass::float_e4m3_t, cutlass::float_e4m3_t, cutlass::bfloat16_t, deep_gemm::epilogue::transform::EpilogueIdentity>(int *, unsigned int, unsigned int, unsigned int, CUtensorMap_st, CUtensorMap_st, CUtensorMap_st, CUtensorMap_st, CUtensorMap_st)",21,0.186528,8.882286
3,other,trtllm_raw_fp8_kv_store,set_mla_kv_buffer_kernel,78,0.166912,2.139897
3,deepgemm,unassigned,"void deep_gemm::sm100_fp8_fp4_gemm_1d1d_impl<(cute::UMMA::Major)0, (cute::UMMA::Major)0, (unsigned int)128, (unsigned int)128, (unsigned int)0, (unsigned int)0, (unsigned int)0, (unsigned int)64, (unsigned int)128, (unsigned int)128, (unsigned int)1, (unsigned int)128, (unsigned int)128, (unsigned int)128, (unsigned int)10, (unsigned int)128, (unsigned int)128, (unsigned int)2, (bool)1, (unsigned int)80, (bool)1, (deep_gemm::GemmType)0, (bool)0, cutlass::float_e4m3_t, cutlass::float_e4m3_t, cutlass::bfloat16_t, deep_gemm::epilogue::transform::EpilogueIdentity>(int *, unsigned int, unsigned int, unsigned int, CUtensorMap_st, CUtensorMap_st, CUtensorMap_st, CUtensorMap_st, CUtensorMap_st)",21,0.155616,7.410286
3,memory_control,unassigned,"void at::native::vectorized_elementwise_kernel<(int)4, at::native::<unnamed>::launch_clamp_scalar(at::TensorIteratorBase &, c10::Scalar, c10::Scalar, at::native::detail::ClampLimits)::[lambda() (instance 1)]::operator ()() const::[lambda() (instance 3)]::operator ()() const::[lambda(int) (instance 1)], std::array<char *, (unsigned long)2>>(int, T2, T3)",78,0.154432,1.979897
3,memory_control,unassigned,"void at::native::vectorized_elementwise_kernel<(int)8, at::native::CUDAFunctor_add<c10::BFloat16>, std::array<char *, (unsigned long)3>>(int, T2, T3)",75,0.145625,1.941667
3,memory_control,unassigned,"void at::native::vectorized_elementwise_kernel<(int)4, void at::native::compare_scalar_kernel<int>(at::TensorIteratorBase &, at::native::<unnamed>::OpType, T1)::[lambda(int) (instance 1)], std::array<char *, (unsigned long)2>>(int, T2, T3)",78,0.12416,1.591795
3,memory_control,unassigned,"void at::native::vectorized_elementwise_kernel<(int)4, at::native::<unnamed>::masked_fill_kernel(at::TensorIterator &, const c10::Scalar &)::[lambda() (instance 1)]::operator ()() const::[lambda() (instance 3)]::operator ()() const::[lambda(int, bool) (instance 1)], std::array<char *, (unsigned long)3>>(int, T2, T3)",78,0.121792,1.561436
3,other,unassigned,"void <unnamed>::fast_hadamard_transform_kernel<<unnamed>::FastHadamardKernelTraits<(int)16, (int)7, __nv_bfloat16>>(HadamardParamsBase)",42,0.110912,2.640762
3,memory_control,unassigned,"void at::native::vectorized_elementwise_kernel<(int)4, at::native::FillFunctor<unsigned char>, std::array<char *, (unsigned long)1>>(int, T2, T3)",78,0.106035,1.359423
3,nvjet,index_head_gate_projection,nvjet_sm103_tss_64x8_64x16_1x4_h_bz_splitK_TNT,21,0.101344,4.825905
3,nccl,unassigned,ncclDevKernel_AllGather_RING_LL(ncclDevKernelArgsStorage<(unsigned long)4096>),1,0.069248,69.248
3,other,unassigned,"void <unnamed>::fused_rope_kernel<(bool)0, (long)64, (bool)1, __nv_bfloat16, long, (unsigned int)8>(<unnamed>::FusedRopeParams)",21,0.048448,2.307048
3,memory_control,unassigned,"void <unnamed>::fused_store_indexer_cache<__nv_bfloat16, long, (unsigned int)6, (bool)1>(<unnamed>::FusedStoreCacheParam)",21,0.047392,2.256762
3,cublaslt,index_head_gate_projection,"void cublasLt::splitKreduce_kernel<(int)32, (int)16, int, float, float, float, float, (bool)0, float, float, float, (bool)1, (bool)0, (bool)0, (bool)0>(cublasLt::cublasSplitKParams<T6>, const T4 *, const T10 *, T9 *, T5 *, const T6 *, const T6 *, const T11 *, const T4 *, T11 *, void *, long, T6 *, int *, T6 *, T6 *, const T6 *, const T6 *, const T6 *, const T6 *, const T6 *)",21,0.047264,2.250667
3,nvjet,lm_head_vocab_shard,nvjet_sm103_tst_256x56_64x5_1x2_h_bz_TNT,1,0.046624,46.624
3,other,unassigned,_act_quant_kernel,21,0.046144,2.197333
3,triton,unassigned,triton_poi_fused_mul_unsqueeze_0,21,0.041536,1.977905
3,flashinfer_trtllm,index_key_layernorm,kernel_cutlass_kernel_flashinfernormkernelslayernormLayerNormKernel_object_at__tensorptrbf16gmemalign16oi64128i64div41_tensorptrbf16gmemalign16oi64128i64div41_tensorptrf32gmemalign16o1281_0,21,0.0376,1.790476
3,memory_control,unassigned,"void at::native::unrolled_elementwise_kernel<at::native::direct_copy_kernel_cuda(at::TensorIteratorBase &)::[lambda() (instance 3)]::operator ()() const::[lambda() (instance 7)]::operator ()() const::[lambda(float) (instance 1)], std::array<char *, (unsigned long)2>, (int)4, TrivialOffsetCalculator<(int)1, unsigned int>, TrivialOffsetCalculator<(int)1, unsigned int>, at::native::memory::LoadWithCast<(int)1>, at::native::memory::StoreWithCast<(int)1>>(int, T1, T2, T4, T5, T6, T7)",1,0.030432,30.432
3,deepgemm,unassigned,"void deep_gemm::sm100_fp8_fp4_gemm_1d1d_impl<(cute::UMMA::Major)0, (cute::UMMA::Major)0, (unsigned int)128, (unsigned int)128, (unsigned int)0, (unsigned int)0, (unsigned int)0, (unsigned int)32, (unsigned int)128, (unsigned int)128, (unsigned int)1, (unsigned int)128, (unsigned int)128, (unsigned int)128, (unsigned int)11, (unsigned int)128, (unsigned int)128, (unsigned int)2, (bool)1, (unsigned int)152, (bool)1, (deep_gemm::GemmType)0, (bool)0, cutlass::float_e4m3_t, cutlass::float_e4m3_t, cutlass::bfloat16_t, deep_gemm::epilogue::transform::EpilogueIdentity>(int *, unsigned int, unsigned int, unsigned int, CUtensorMap_st, CUtensorMap_st, CUtensorMap_st, CUtensorMap_st, CUtensorMap_st)",3,0.030112,10.037333
3,memory_control,unassigned,"void at::native::elementwise_kernel<(int)128, (int)4, void at::native::gpu_kernel_impl_nocast<at::native::direct_copy_kernel_cuda(at::TensorIteratorBase &)::[lambda() (instance 3)]::operator ()() const::[lambda() (instance 12)]::operator ()() const::[lambda(c10::BFloat16) (instance 1)]>(at::TensorIteratorBase &, const T1 &)::[lambda(int) (instance 1)]>(int, T3)",1,0.028992,28.992
3,triton,unassigned,triton_poi_fused_mul_0,21,0.024448,1.16419
3,flashinfer_trtllm,fused_add_rmsnorm_hidden,kernel_cutlass_kernel_flashinfernormkernelsfused_add_rmsnormFusedAddRMSNormKernel_object_at__tensorptrbf16gmemalign128oi64614461441_tensorptrbf16gmemalign128oi64614461441_tensorptrbf16gme_0,1,0.004928,4.928
3,flashinfer_trtllm,unassigned,kernel_cutlass_kernel_flashinfernormkernelsrmsnormRMSNormKernel_object_at__tensorptrbf16gmemalign128oi64614461441_tensorptrbf16gmemalign16o61441_tensorptrbf16gmemalign128oi64614461441___T_0,1,0.003776,3.776
3,memory_control,unassigned,"void at::native::vectorized_gather_kernel<(int)16, long>(char *, char *, T2 *, int, long, long, long, long, bool)",1,0.002784,2.784
3,memory_control,unassigned,"void at::native::elementwise_kernel<(int)128, (int)4, void at::native::gpu_kernel_impl_nocast<at::native::<unnamed>::masked_fill_kernel(at::TensorIterator &, const c10::Scalar &)::[lambda() (instance 1)]::operator ()() const::[lambda() (instance 12)]::operator ()() const::[lambda(c10::BFloat16, bool) (instance 1)]>(at::TensorIteratorBase &, const T1 &)::[lambda(int) (instance 1)]>(int, T3)",1,0.002688,2.688
3,triton,unassigned,triton_poi_fused_add_bitwise_and_bitwise_not_bitwise_or_ge_lt_mul_sub_0,1,0.001984,1.984
3,memory_control,unassigned,"void at::native::vectorized_elementwise_kernel<(int)4, at::native::FillFunctor<float>, std::array<char *, (unsigned long)1>>(int, T2, T3)",1,0.001184,1.184
4,nccl,unassigned,ncclDevKernel_AllReduce_Sum_bf16_RING_LL(ncclDevKernelArgsStorage<(unsigned long)4096>),2,8.895264,4447.632
4,other,routed_moe_fused_core,bmm_E4m3_E4m3E4m3_Fp32_t128x8x128u2_s8_et64x8_m64x8x32_c1x1x1_rM_TN_transOut_noShfl_dsFp8_schPd4x2x2x3_bN_tma_tmaSf_rgTma_clmp_lbW2_dynB_sm100f,75,2.68592,35.812267
4,other,sparse_mla_trtllm_decode,fmhaSm100fKernel_QkvE4m3OBfloat16HQk576HV512PagedKvDenseStaticTokenSparseP1VarSeqQ8Kv128PersistentSwapsAbForGen,78,2.53529,32.503718
4,other,routed_moe_fused_core,bmm_Bfloat16_E4m3E4m3_Fp32_t128x8x128u2_s8_et64x8_m64x8x32_c1x1x1_rM_TN_transOut_noShfl_dsFp8_schPd4x2x2x3_bN_rgTma_clmp_dynB_sm100f,75,2.279456,30.392747
4,other,unassigned,"void <unnamed>::per_token_group_quant_8bit_v2_kernel<<unnamed>::NaiveScheduler, (int)128, (int)8, __nv_bfloat16, __nv_fp8_e4m3, (bool)1, (bool)1, (bool)0, (bool)1, unsigned int>(const T4 *, T5 *, T10 *, const int *, int, int, int, int, int)",432,1.814176,4.199481
4,deepgemm,unassigned,"void deep_gemm::sm100_fp8_fp4_gemm_1d1d_impl<(cute::UMMA::Major)0, (cute::UMMA::Major)0, (unsigned int)128, (unsigned int)128, (unsigned int)0, (unsigned int)0, (unsigned int)0, (unsigned int)48, (unsigned int)128, (unsigned int)128, (unsigned int)1, (unsigned int)128, (unsigned int)128, (unsigned int)128, (unsigned int)10, (unsigned int)128, (unsigned int)128, (unsigned int)2, (bool)1, (unsigned int)152, (bool)1, (deep_gemm::GemmType)0, (bool)0, cutlass::float_e4m3_t, cutlass::float_e4m3_t, cutlass::bfloat16_t, deep_gemm::epilogue::transform::EpilogueIdentity>(int *, unsigned int, unsigned int, unsigned int, CUtensorMap_st, CUtensorMap_st, CUtensorMap_st, CUtensorMap_st, CUtensorMap_st)",156,1.401312,8.982769
4,deepgemm,unassigned,"void deep_gemm::sm100_fp8_fp4_gemm_1d1d_impl<(cute::UMMA::Major)0, (cute::UMMA::Major)0, (unsigned int)128, (unsigned int)128, (unsigned int)0, (unsigned int)0, (unsigned int)0, (unsigned int)16, (unsigned int)128, (unsigned int)128, (unsigned int)1, (unsigned int)128, (unsigned int)128, (unsigned int)128, (unsigned int)12, (unsigned int)128, (unsigned int)128, (unsigned int)2, (bool)1, (unsigned int)152, (bool)1, (deep_gemm::GemmType)0, (bool)0, cutlass::float_e4m3_t, cutlass::float_e4m3_t, cutlass::bfloat16_t, deep_gemm::epilogue::transform::EpilogueIdentity>(int *, unsigned int, unsigned int, unsigned int, CUtensorMap_st, CUtensorMap_st, CUtensorMap_st, CUtensorMap_st, CUtensorMap_st)",153,1.34432,8.786405
4,flashinfer_trtllm,unassigned,"void flashinfer::trtllm_mnnvl_allreduce::twoshotAllreduceKernel<(unsigned char)8, __nv_bfloat16, (bool)0, float4>(flashinfer::trtllm_mnnvl_allreduce::AllReduceKernelParams<T2>)",155,1.258752,8.120981
4,flashinfer_trtllm,unassigned,"void flashinfer::trtllm_mnnvl_allreduce::rmsNormLamport<__nv_bfloat16, (flashinfer::trtllm_mnnvl_allreduce::QuantType)0, (bool)0, (int)1, float4>(flashinfer::trtllm_mnnvl_allreduce::AllReduceKernelParams<T1>)",155,1.241376,8.008877
4,deepgemm,unassigned,"void deep_gemm::sm100_fp8_fp4_gemm_1d1d_impl<(cute::UMMA::Major)0, (cute::UMMA::Major)0, (unsigned int)128, (unsigned int)128, (unsigned int)0, (unsigned int)0, (unsigned int)0, (unsigned int)16, (unsigned int)128, (unsigned int)128, (unsigned int)1, (unsigned int)128, (unsigned int)128, (unsigned int)128, (unsigned int)11, (unsigned int)128, (unsigned int)128, (unsigned int)1, (bool)0, (unsigned int)152, (bool)1, (deep_gemm::GemmType)0, (bool)0, cutlass::float_e4m3_t, cutlass::float_e4m3_t, cutlass::bfloat16_t, deep_gemm::epilogue::transform::EpilogueIdentity>(int *, unsigned int, unsigned int, unsigned int, CUtensorMap_st, CUtensorMap_st, CUtensorMap_st, CUtensorMap_st, CUtensorMap_st)",78,0.719584,9.225436
4,memory_control,unassigned,"void at::native::_scatter_gather_elementwise_kernel<(int)128, (int)8, void at::native::_cuda_scatter_gather_internal_kernel<(bool)0, at::native::OpaqueType<(int)4>, int>::operator ()<at::native::TensorAssign>(at::TensorIterator &, long, long, long, const T1 &)::[lambda(int) (instance 1)]>(int, T3)",78,0.65792,8.434872
4,nvjet,router_projection,nvjet_sm103_tst_64x8_64x16_1x4_h_bz_splitK_TNT,75,0.465312,6.20416
4,cutlass,routed_moe_fused_core,"void moe::dev::finalize::finalizeKernelVecLoad<moe::dev::finalize::KernelParams<cutlass::bfloat16_t, cutlass::bfloat16_t, (int)4, (bool)1>>(T1)",75,0.376672,5.022293
4,other,unassigned,"void <unnamed>::act_and_mul_kernel<__nv_bfloat16, (<unnamed>::ActivationKind)0, (bool)1, (bool)0>(<unnamed>::ActivationParams)",78,0.32307,4.141923
4,other,routed_moe_fused_core,"void moe::dev::routing::routingCustom::routingIndicesClusterKernel<moe::dev::routing::routingCustom::KernelParams<__nv_bfloat16, __nv_bfloat16, (int)256, (int)8, moe::dev::routing::TopKExpertSelect<moe::dev::routing::NoOpPreprocess, moe::dev::routing::SoftmaxPostprocess>>, (int)512>(T1)",75,0.303899,4.051987
4,deepgemm,dsa_index_candidate_scoring,"void deep_gemm::sm100_fp8_paged_mqa_logits<(unsigned int)1, (unsigned int)32, (unsigned int)128, (unsigned int)64, (bool)1, (bool)0, (unsigned int)3, (unsigned int)4, (unsigned int)256, (unsigned int)128, (unsigned int)256, float, (unsigned int)2>(unsigned int, unsigned int, unsigned int, const unsigned int *, T12 *, const unsigned int *, const unsigned int *, const unsigned int *, CUtensorMap_st, CUtensorMap_st, CUtensorMap_st, CUtensorMap_st)",21,0.30096,14.331429
4,cutlass,routed_moe_fused_core,"void moe::dev::activation::activationDeepSeekKernel<moe::dev::activation::KernelParams<cutlass::float_e4m3_t, (int)2, (bool)1>>(T1)",75,0.288672,3.84896
4,flashinfer_trtllm,trtllm_mla_rope_quantize_fp8,"void flashinfer::RopeQuantizeKernel<(bool)1, (unsigned int)16, (unsigned int)1, __nv_bfloat16, long, __nv_fp8_e4m3>(T4 *, T4 *, T4 *, T4 *, T6 *, T6 *, T6 *, T6 *, float *, T5 *, unsigned int, unsigned int, unsigned int, unsigned int, unsigned int, unsigned long, unsigned long, unsigned long, unsigned long, unsigned long, unsigned long, unsigned long, unsigned long, unsigned long, unsigned long, unsigned long, unsigned long, unsigned long, unsigned long, unsigned long, unsigned long, float, float)",78,0.28419,3.643462
4,nvjet,mla_absorb_q_bmm,nvjet_sm103_tst_64x64_64x16_2x2_2cta_h_bz_TNT,78,0.269824,3.459282
4,nvjet,mla_value_restore_bmm,nvjet_sm103_tst_64x32_64x16_2x2_2cta_h_bz_TNT,78,0.265984,3.410051
4,other,routed_moe_input_quant,"void <unnamed>::per_token_group_quant_8bit_v2_kernel<<unnamed>::NaiveScheduler, (int)128, (int)8, __nv_bfloat16, __nv_fp8_e4m3, (bool)1, (bool)0, (bool)0, (bool)1, float>(const T4 *, T5 *, T10 *, const int *, int, int, int, int, int)",75,0.262901,3.505347
4,other,dsa_topk_2048,<unnamed>::topk_kernel(<unnamed>::FastTopKParams),21,0.23472,11.177143
4,other,routed_moe_fused_core,"void moe::dev::routing::routingCustom::routingIndicesBlockScoresKernel<moe::dev::routing::routingCustom::KernelParams<__nv_bfloat16, __nv_bfloat16, (int)256, (int)8, moe::dev::routing::TopKExpertSelect<moe::dev::routing::SigmoidBiasPreprocess, moe::dev::routing::ScaledSumNormalizePostprocess>>>(T1)",75,0.203293,2.710573
4,flashinfer_trtllm,kv_latent_rmsnorm,kernel_cutlass_kernel_flashinfernormkernelsrmsnormRMSNormKernel_object_at__tensorptrbf16gmemalign16oi64512i64div81_tensorptrbf16gmemalign16o5121_tensorptrbf16gmemalign16oi64512i64div81____0,78,0.200064,2.564923
4,flashinfer_trtllm,q_latent_rmsnorm,kernel_cutlass_kernel_flashinfernormkernelsrmsnormRMSNormKernel_object_at__tensorptrbf16gmemalign16oi642048i64div81_tensorptrbf16gmemalign16o20481_tensorptrbf16gmemalign16oi642048i64div81_0,78,0.198528,2.545231
4,deepgemm,unassigned,"void deep_gemm::sm100_fp8_fp4_gemm_1d1d_impl<(cute::UMMA::Major)0, (cute::UMMA::Major)0, (unsigned int)128, (unsigned int)128, (unsigned int)0, (unsigned int)0, (unsigned int)0, (unsigned int)128, (unsigned int)16, (unsigned int)128, (unsigned int)1, (unsigned int)128, (unsigned int)128, (unsigned int)32, (unsigned int)11, (unsigned int)128, (unsigned int)128, (unsigned int)1, (bool)0, (unsigned int)152, (bool)0, (deep_gemm::GemmType)0, (bool)0, cutlass::float_e4m3_t, cutlass::float_e4m3_t, cutlass::bfloat16_t, deep_gemm::epilogue::transform::EpilogueIdentity>(int *, unsigned int, unsigned int, unsigned int, CUtensorMap_st, CUtensorMap_st, CUtensorMap_st, CUtensorMap_st, CUtensorMap_st)",21,0.184064,8.764952
4,cublaslt,router_projection,"void cublasLt::splitKreduce_kernel<(int)32, (int)16, int, float, __nv_bfloat16, float, __nv_bfloat16, (bool)0, float, __nv_bfloat16, __nv_bfloat16, (bool)1, (bool)0, (bool)0, (bool)0>(cublasLt::cublasSplitKParams<T6>, const T4 *, const T10 *, T9 *, T5 *, const T6 *, const T6 *, const T11 *, const T4 *, T11 *, void *, long, T6 *, int *, T6 *, T6 *, const T6 *, const T6 *, const T6 *, const T6 *, const T6 *)",75,0.178272,2.37696
4,other,trtllm_raw_fp8_kv_store,set_mla_kv_buffer_kernel,78,0.161248,2.067282
4,deepgemm,unassigned,"void deep_gemm::sm100_fp8_fp4_gemm_1d1d_impl<(cute::UMMA::Major)0, (cute::UMMA::Major)0, (unsigned int)128, (unsigned int)128, (unsigned int)0, (unsigned int)0, (unsigned int)0, (unsigned int)64, (unsigned int)128, (unsigned int)128, (unsigned int)1, (unsigned int)128, (unsigned int)128, (unsigned int)128, (unsigned int)10, (unsigned int)128, (unsigned int)128, (unsigned int)2, (bool)1, (unsigned int)80, (bool)1, (deep_gemm::GemmType)0, (bool)0, cutlass::float_e4m3_t, cutlass::float_e4m3_t, cutlass::bfloat16_t, deep_gemm::epilogue::transform::EpilogueIdentity>(int *, unsigned int, unsigned int, unsigned int, CUtensorMap_st, CUtensorMap_st, CUtensorMap_st, CUtensorMap_st, CUtensorMap_st)",21,0.152992,7.285333
4,memory_control,unassigned,"void at::native::vectorized_elementwise_kernel<(int)4, at::native::<unnamed>::launch_clamp_scalar(at::TensorIteratorBase &, c10::Scalar, c10::Scalar, at::native::detail::ClampLimits)::[lambda() (instance 1)]::operator ()() const::[lambda() (instance 3)]::operator ()() const::[lambda(int) (instance 1)], std::array<char *, (unsigned long)2>>(int, T2, T3)",78,0.148928,1.909333
4,memory_control,unassigned,"void at::native::vectorized_elementwise_kernel<(int)8, at::native::CUDAFunctor_add<c10::BFloat16>, std::array<char *, (unsigned long)3>>(int, T2, T3)",75,0.132959,1.772787
4,memory_control,unassigned,"void at::native::vectorized_elementwise_kernel<(int)4, at::native::<unnamed>::masked_fill_kernel(at::TensorIterator &, const c10::Scalar &)::[lambda() (instance 1)]::operator ()() const::[lambda() (instance 3)]::operator ()() const::[lambda(int, bool) (instance 1)], std::array<char *, (unsigned long)3>>(int, T2, T3)",78,0.116224,1.490051
4,memory_control,unassigned,"void at::native::vectorized_elementwise_kernel<(int)4, void at::native::compare_scalar_kernel<int>(at::TensorIteratorBase &, at::native::<unnamed>::OpType, T1)::[lambda(int) (instance 1)], std::array<char *, (unsigned long)2>>(int, T2, T3)",78,0.115008,1.474462
4,other,unassigned,"void <unnamed>::fast_hadamard_transform_kernel<<unnamed>::FastHadamardKernelTraits<(int)16, (int)7, __nv_bfloat16>>(HadamardParamsBase)",42,0.1064,2.533333
4,nvjet,index_head_gate_projection,nvjet_sm103_tss_64x8_64x16_1x4_h_bz_splitK_TNT,21,0.101472,4.832
4,memory_control,unassigned,"void at::native::vectorized_elementwise_kernel<(int)4, at::native::FillFunctor<unsigned char>, std::array<char *, (unsigned long)1>>(int, T2, T3)",78,0.094272,1.208615
4,nccl,unassigned,ncclDevKernel_AllGather_RING_LL(ncclDevKernelArgsStorage<(unsigned long)4096>),1,0.069248,69.248
4,nvjet,lm_head_vocab_shard,nvjet_sm103_tst_256x56_64x5_1x2_h_bz_TNT,1,0.047328,47.328
4,other,unassigned,"void <unnamed>::fused_rope_kernel<(bool)0, (long)64, (bool)1, __nv_bfloat16, long, (unsigned int)8>(<unnamed>::FusedRopeParams)",21,0.047264,2.250667
4,memory_control,unassigned,"void <unnamed>::fused_store_indexer_cache<__nv_bfloat16, long, (unsigned int)6, (bool)1>(<unnamed>::FusedStoreCacheParam)",21,0.04592,2.186667
4,cublaslt,index_head_gate_projection,"void cublasLt::splitKreduce_kernel<(int)32, (int)16, int, float, float, float, float, (bool)0, float, float, float, (bool)1, (bool)0, (bool)0, (bool)0>(cublasLt::cublasSplitKParams<T6>, const T4 *, const T10 *, T9 *, T5 *, const T6 *, const T6 *, const T11 *, const T4 *, T11 *, void *, long, T6 *, int *, T6 *, T6 *, const T6 *, const T6 *, const T6 *, const T6 *, const T6 *)",21,0.045472,2.165333
4,other,unassigned,_act_quant_kernel,21,0.044288,2.108952
4,triton,unassigned,triton_poi_fused_mul_unsqueeze_0,21,0.038144,1.816381
4,flashinfer_trtllm,index_key_layernorm,kernel_cutlass_kernel_flashinfernormkernelslayernormLayerNormKernel_object_at__tensorptrbf16gmemalign16oi64128i64div41_tensorptrbf16gmemalign16oi64128i64div41_tensorptrf32gmemalign16o1281_0,21,0.035584,1.694476
4,memory_control,unassigned,"void at::native::unrolled_elementwise_kernel<at::native::direct_copy_kernel_cuda(at::TensorIteratorBase &)::[lambda() (instance 3)]::operator ()() const::[lambda() (instance 7)]::operator ()() const::[lambda(float) (instance 1)], std::array<char *, (unsigned long)2>, (int)4, TrivialOffsetCalculator<(int)1, unsigned int>, TrivialOffsetCalculator<(int)1, unsigned int>, at::native::memory::LoadWithCast<(int)1>, at::native::memory::StoreWithCast<(int)1>>(int, T1, T2, T4, T5, T6, T7)",1,0.030656,30.656
4,deepgemm,unassigned,"void deep_gemm::sm100_fp8_fp4_gemm_1d1d_impl<(cute::UMMA::Major)0, (cute::UMMA::Major)0, (unsigned int)128, (unsigned int)128, (unsigned int)0, (unsigned int)0, (unsigned int)0, (unsigned int)32, (unsigned int)128, (unsigned int)128, (unsigned int)1, (unsigned int)128, (unsigned int)128, (unsigned int)128, (unsigned int)11, (unsigned int)128, (unsigned int)128, (unsigned int)2, (bool)1, (unsigned int)152, (bool)1, (deep_gemm::GemmType)0, (bool)0, cutlass::float_e4m3_t, cutlass::float_e4m3_t, cutlass::bfloat16_t, deep_gemm::epilogue::transform::EpilogueIdentity>(int *, unsigned int, unsigned int, unsigned int, CUtensorMap_st, CUtensorMap_st, CUtensorMap_st, CUtensorMap_st, CUtensorMap_st)",3,0.029408,9.802667
4,memory_control,unassigned,"void at::native::elementwise_kernel<(int)128, (int)4, void at::native::gpu_kernel_impl_nocast<at::native::direct_copy_kernel_cuda(at::TensorIteratorBase &)::[lambda() (instance 3)]::operator ()() const::[lambda() (instance 12)]::operator ()() const::[lambda(c10::BFloat16) (instance 1)]>(at::TensorIteratorBase &, const T1 &)::[lambda(int) (instance 1)]>(int, T3)",1,0.028864,28.864
4,triton,unassigned,triton_poi_fused_mul_0,21,0.023424,1.115429
4,flashinfer_trtllm,fused_add_rmsnorm_hidden,kernel_cutlass_kernel_flashinfernormkernelsfused_add_rmsnormFusedAddRMSNormKernel_object_at__tensorptrbf16gmemalign128oi64614461441_tensorptrbf16gmemalign128oi64614461441_tensorptrbf16gme_0,1,0.0048,4.8
4,flashinfer_trtllm,unassigned,kernel_cutlass_kernel_flashinfernormkernelsrmsnormRMSNormKernel_object_at__tensorptrbf16gmemalign128oi64614461441_tensorptrbf16gmemalign16o61441_tensorptrbf16gmemalign128oi64614461441___T_0,1,0.003552,3.552
4,memory_control,unassigned,"void at::native::elementwise_kernel<(int)128, (int)4, void at::native::gpu_kernel_impl_nocast<at::native::<unnamed>::masked_fill_kernel(at::TensorIterator &, const c10::Scalar &)::[lambda() (instance 1)]::operator ()() const::[lambda() (instance 12)]::operator ()() const::[lambda(c10::BFloat16, bool) (instance 1)]>(at::TensorIteratorBase &, const T1 &)::[lambda(int) (instance 1)]>(int, T3)",1,0.00288,2.88
4,memory_control,unassigned,"void at::native::vectorized_gather_kernel<(int)16, long>(char *, char *, T2 *, int, long, long, long, long, bool)",1,0.002624,2.624
4,triton,unassigned,triton_poi_fused_add_bitwise_and_bitwise_not_bitwise_or_ge_lt_mul_sub_0,1,0.002176,2.176
4,memory_control,unassigned,"void at::native::vectorized_elementwise_kernel<(int)4, at::native::FillFunctor<float>, std::array<char *, (unsigned long)1>>(int, T2, T3)",1,0.001088,1.088
5,nccl,unassigned,ncclDevKernel_AllReduce_Sum_bf16_RING_LL(ncclDevKernelArgsStorage<(unsigned long)4096>),2,8.991936,4495.968
5,other,routed_moe_fused_core,bmm_E4m3_E4m3E4m3_Fp32_t128x8x128u2_s8_et64x8_m64x8x32_c1x1x1_rM_TN_transOut_noShfl_dsFp8_schPd4x2x2x3_bN_tma_tmaSf_rgTma_clmp_lbW2_dynB_sm100f,75,2.708,36.106667
5,other,sparse_mla_trtllm_decode,fmhaSm100fKernel_QkvE4m3OBfloat16HQk576HV512PagedKvDenseStaticTokenSparseP1VarSeqQ8Kv128PersistentSwapsAbForGen,78,2.548735,32.67609
5,other,routed_moe_fused_core,bmm_Bfloat16_E4m3E4m3_Fp32_t128x8x128u2_s8_et64x8_m64x8x32_c1x1x1_rM_TN_transOut_noShfl_dsFp8_schPd4x2x2x3_bN_rgTma_clmp_dynB_sm100f,75,2.278592,30.381227
5,other,unassigned,"void <unnamed>::per_token_group_quant_8bit_v2_kernel<<unnamed>::NaiveScheduler, (int)128, (int)8, __nv_bfloat16, __nv_fp8_e4m3, (bool)1, (bool)1, (bool)0, (bool)1, unsigned int>(const T4 *, T5 *, T10 *, const int *, int, int, int, int, int)",432,1.865952,4.319333
5,deepgemm,unassigned,"void deep_gemm::sm100_fp8_fp4_gemm_1d1d_impl<(cute::UMMA::Major)0, (cute::UMMA::Major)0, (unsigned int)128, (unsigned int)128, (unsigned int)0, (unsigned int)0, (unsigned int)0, (unsigned int)48, (unsigned int)128, (unsigned int)128, (unsigned int)1, (unsigned int)128, (unsigned int)128, (unsigned int)128, (unsigned int)10, (unsigned int)128, (unsigned int)128, (unsigned int)2, (bool)1, (unsigned int)152, (bool)1, (deep_gemm::GemmType)0, (bool)0, cutlass::float_e4m3_t, cutlass::float_e4m3_t, cutlass::bfloat16_t, deep_gemm::epilogue::transform::EpilogueIdentity>(int *, unsigned int, unsigned int, unsigned int, CUtensorMap_st, CUtensorMap_st, CUtensorMap_st, CUtensorMap_st, CUtensorMap_st)",156,1.497408,9.598769
5,deepgemm,unassigned,"void deep_gemm::sm100_fp8_fp4_gemm_1d1d_impl<(cute::UMMA::Major)0, (cute::UMMA::Major)0, (unsigned int)128, (unsigned int)128, (unsigned int)0, (unsigned int)0, (unsigned int)0, (unsigned int)16, (unsigned int)128, (unsigned int)128, (unsigned int)1, (unsigned int)128, (unsigned int)128, (unsigned int)128, (unsigned int)12, (unsigned int)128, (unsigned int)128, (unsigned int)2, (bool)1, (unsigned int)152, (bool)1, (deep_gemm::GemmType)0, (bool)0, cutlass::float_e4m3_t, cutlass::float_e4m3_t, cutlass::bfloat16_t, deep_gemm::epilogue::transform::EpilogueIdentity>(int *, unsigned int, unsigned int, unsigned int, CUtensorMap_st, CUtensorMap_st, CUtensorMap_st, CUtensorMap_st, CUtensorMap_st)",153,1.353504,8.846431
5,flashinfer_trtllm,unassigned,"void flashinfer::trtllm_mnnvl_allreduce::twoshotAllreduceKernel<(unsigned char)8, __nv_bfloat16, (bool)0, float4>(flashinfer::trtllm_mnnvl_allreduce::AllReduceKernelParams<T2>)",155,1.270144,8.194477
5,flashinfer_trtllm,unassigned,"void flashinfer::trtllm_mnnvl_allreduce::rmsNormLamport<__nv_bfloat16, (flashinfer::trtllm_mnnvl_allreduce::QuantType)0, (bool)0, (int)1, float4>(flashinfer::trtllm_mnnvl_allreduce::AllReduceKernelParams<T1>)",155,1.249952,8.064206
5,deepgemm,unassigned,"void deep_gemm::sm100_fp8_fp4_gemm_1d1d_impl<(cute::UMMA::Major)0, (cute::UMMA::Major)0, (unsigned int)128, (unsigned int)128, (unsigned int)0, (unsigned int)0, (unsigned int)0, (unsigned int)16, (unsigned int)128, (unsigned int)128, (unsigned int)1, (unsigned int)128, (unsigned int)128, (unsigned int)128, (unsigned int)11, (unsigned int)128, (unsigned int)128, (unsigned int)1, (bool)0, (unsigned int)152, (bool)1, (deep_gemm::GemmType)0, (bool)0, cutlass::float_e4m3_t, cutlass::float_e4m3_t, cutlass::bfloat16_t, deep_gemm::epilogue::transform::EpilogueIdentity>(int *, unsigned int, unsigned int, unsigned int, CUtensorMap_st, CUtensorMap_st, CUtensorMap_st, CUtensorMap_st, CUtensorMap_st)",78,0.730496,9.365333
5,memory_control,unassigned,"void at::native::_scatter_gather_elementwise_kernel<(int)128, (int)8, void at::native::_cuda_scatter_gather_internal_kernel<(bool)0, at::native::OpaqueType<(int)4>, int>::operator ()<at::native::TensorAssign>(at::TensorIterator &, long, long, long, const T1 &)::[lambda(int) (instance 1)]>(int, T3)",78,0.668576,8.571487
5,nvjet,router_projection,nvjet_sm103_tst_64x8_64x16_1x4_h_bz_splitK_TNT,75,0.462112,6.161493
5,other,unassigned,"void <unnamed>::act_and_mul_kernel<__nv_bfloat16, (<unnamed>::ActivationKind)0, (bool)1, (bool)0>(<unnamed>::ActivationParams)",78,0.408384,5.235692
5,cutlass,routed_moe_fused_core,"void moe::dev::finalize::finalizeKernelVecLoad<moe::dev::finalize::KernelParams<cutlass::bfloat16_t, cutlass::bfloat16_t, (int)4, (bool)1>>(T1)",75,0.38736,5.1648
5,deepgemm,dsa_index_candidate_scoring,"void deep_gemm::sm100_fp8_paged_mqa_logits<(unsigned int)1, (unsigned int)32, (unsigned int)128, (unsigned int)64, (bool)1, (bool)0, (unsigned int)3, (unsigned int)4, (unsigned int)256, (unsigned int)128, (unsigned int)256, float, (unsigned int)2>(unsigned int, unsigned int, unsigned int, const unsigned int *, T12 *, const unsigned int *, const unsigned int *, const unsigned int *, CUtensorMap_st, CUtensorMap_st, CUtensorMap_st, CUtensorMap_st)",21,0.306048,14.573714
5,other,routed_moe_fused_core,"void moe::dev::routing::routingCustom::routingIndicesClusterKernel<moe::dev::routing::routingCustom::KernelParams<__nv_bfloat16, __nv_bfloat16, (int)256, (int)8, moe::dev::routing::TopKExpertSelect<moe::dev::routing::NoOpPreprocess, moe::dev::routing::SoftmaxPostprocess>>, (int)512>(T1)",75,0.305044,4.067253
5,cutlass,routed_moe_fused_core,"void moe::dev::activation::activationDeepSeekKernel<moe::dev::activation::KernelParams<cutlass::float_e4m3_t, (int)2, (bool)1>>(T1)",75,0.28064,3.741867
5,nvjet,mla_value_restore_bmm,nvjet_sm103_tst_64x32_64x16_2x2_2cta_h_bz_TNT,78,0.27632,3.542564
5,flashinfer_trtllm,trtllm_mla_rope_quantize_fp8,"void flashinfer::RopeQuantizeKernel<(bool)1, (unsigned int)16, (unsigned int)1, __nv_bfloat16, long, __nv_fp8_e4m3>(T4 *, T4 *, T4 *, T4 *, T6 *, T6 *, T6 *, T6 *, float *, T5 *, unsigned int, unsigned int, unsigned int, unsigned int, unsigned int, unsigned long, unsigned long, unsigned long, unsigned long, unsigned long, unsigned long, unsigned long, unsigned long, unsigned long, unsigned long, unsigned long, unsigned long, unsigned long, unsigned long, unsigned long, unsigned long, float, float)",78,0.272861,3.498218
5,nvjet,mla_absorb_q_bmm,nvjet_sm103_tst_64x64_64x16_2x2_2cta_h_bz_TNT,78,0.269664,3.457231
5,other,routed_moe_input_quant,"void <unnamed>::per_token_group_quant_8bit_v2_kernel<<unnamed>::NaiveScheduler, (int)128, (int)8, __nv_bfloat16, __nv_fp8_e4m3, (bool)1, (bool)0, (bool)0, (bool)1, float>(const T4 *, T5 *, T10 *, const int *, int, int, int, int, int)",75,0.257845,3.437933
5,other,dsa_topk_2048,<unnamed>::topk_kernel(<unnamed>::FastTopKParams),21,0.231488,11.023238
5,flashinfer_trtllm,kv_latent_rmsnorm,kernel_cutlass_kernel_flashinfernormkernelsrmsnormRMSNormKernel_object_at__tensorptrbf16gmemalign16oi64512i64div81_tensorptrbf16gmemalign16o5121_tensorptrbf16gmemalign16oi64512i64div81____0,78,0.209472,2.685538
5,other,routed_moe_fused_core,"void moe::dev::routing::routingCustom::routingIndicesBlockScoresKernel<moe::dev::routing::routingCustom::KernelParams<__nv_bfloat16, __nv_bfloat16, (int)256, (int)8, moe::dev::routing::TopKExpertSelect<moe::dev::routing::SigmoidBiasPreprocess, moe::dev::routing::ScaledSumNormalizePostprocess>>>(T1)",75,0.206767,2.756893
5,flashinfer_trtllm,q_latent_rmsnorm,kernel_cutlass_kernel_flashinfernormkernelsrmsnormRMSNormKernel_object_at__tensorptrbf16gmemalign16oi642048i64div81_tensorptrbf16gmemalign16o20481_tensorptrbf16gmemalign16oi642048i64div81_0,78,0.198656,2.546872
5,deepgemm,unassigned,"void deep_gemm::sm100_fp8_fp4_gemm_1d1d_impl<(cute::UMMA::Major)0, (cute::UMMA::Major)0, (unsigned int)128, (unsigned int)128, (unsigned int)0, (unsigned int)0, (unsigned int)0, (unsigned int)128, (unsigned int)16, (unsigned int)128, (unsigned int)1, (unsigned int)128, (unsigned int)128, (unsigned int)32, (unsigned int)11, (unsigned int)128, (unsigned int)128, (unsigned int)1, (bool)0, (unsigned int)152, (bool)0, (deep_gemm::GemmType)0, (bool)0, cutlass::float_e4m3_t, cutlass::float_e4m3_t, cutlass::bfloat16_t, deep_gemm::epilogue::transform::EpilogueIdentity>(int *, unsigned int, unsigned int, unsigned int, CUtensorMap_st, CUtensorMap_st, CUtensorMap_st, CUtensorMap_st, CUtensorMap_st)",21,0.187552,8.931048
5,cublaslt,router_projection,"void cublasLt::splitKreduce_kernel<(int)32, (int)16, int, float, __nv_bfloat16, float, __nv_bfloat16, (bool)0, float, __nv_bfloat16, __nv_bfloat16, (bool)1, (bool)0, (bool)0, (bool)0>(cublasLt::cublasSplitKParams<T6>, const T4 *, const T10 *, T9 *, T5 *, const T6 *, const T6 *, const T11 *, const T4 *, T11 *, void *, long, T6 *, int *, T6 *, T6 *, const T6 *, const T6 *, const T6 *, const T6 *, const T6 *)",75,0.173792,2.317227
5,other,trtllm_raw_fp8_kv_store,set_mla_kv_buffer_kernel,78,0.166656,2.136615
5,deepgemm,unassigned,"void deep_gemm::sm100_fp8_fp4_gemm_1d1d_impl<(cute::UMMA::Major)0, (cute::UMMA::Major)0, (unsigned int)128, (unsigned int)128, (unsigned int)0, (unsigned int)0, (unsigned int)0, (unsigned int)64, (unsigned int)128, (unsigned int)128, (unsigned int)1, (unsigned int)128, (unsigned int)128, (unsigned int)128, (unsigned int)10, (unsigned int)128, (unsigned int)128, (unsigned int)2, (bool)1, (unsigned int)80, (bool)1, (deep_gemm::GemmType)0, (bool)0, cutlass::float_e4m3_t, cutlass::float_e4m3_t, cutlass::bfloat16_t, deep_gemm::epilogue::transform::EpilogueIdentity>(int *, unsigned int, unsigned int, unsigned int, CUtensorMap_st, CUtensorMap_st, CUtensorMap_st, CUtensorMap_st, CUtensorMap_st)",21,0.15552,7.405714
5,memory_control,unassigned,"void at::native::vectorized_elementwise_kernel<(int)4, at::native::<unnamed>::launch_clamp_scalar(at::TensorIteratorBase &, c10::Scalar, c10::Scalar, at::native::detail::ClampLimits)::[lambda() (instance 1)]::operator ()() const::[lambda() (instance 3)]::operator ()() const::[lambda(int) (instance 1)], std::array<char *, (unsigned long)2>>(int, T2, T3)",78,0.153952,1.973744
5,memory_control,unassigned,"void at::native::vectorized_elementwise_kernel<(int)8, at::native::CUDAFunctor_add<c10::BFloat16>, std::array<char *, (unsigned long)3>>(int, T2, T3)",75,0.136066,1.814213
5,memory_control,unassigned,"void at::native::vectorized_elementwise_kernel<(int)4, void at::native::compare_scalar_kernel<int>(at::TensorIteratorBase &, at::native::<unnamed>::OpType, T1)::[lambda(int) (instance 1)], std::array<char *, (unsigned long)2>>(int, T2, T3)",78,0.121344,1.555692
5,memory_control,unassigned,"void at::native::vectorized_elementwise_kernel<(int)4, at::native::<unnamed>::masked_fill_kernel(at::TensorIterator &, const c10::Scalar &)::[lambda() (instance 1)]::operator ()() const::[lambda() (instance 3)]::operator ()() const::[lambda(int, bool) (instance 1)], std::array<char *, (unsigned long)3>>(int, T2, T3)",78,0.120704,1.547487
5,other,unassigned,"void <unnamed>::fast_hadamard_transform_kernel<<unnamed>::FastHadamardKernelTraits<(int)16, (int)7, __nv_bfloat16>>(HadamardParamsBase)",42,0.1096,2.609524
5,nvjet,index_head_gate_projection,nvjet_sm103_tss_64x8_64x16_1x4_h_bz_splitK_TNT,21,0.101984,4.856381
5,memory_control,unassigned,"void at::native::vectorized_elementwise_kernel<(int)4, at::native::FillFunctor<unsigned char>, std::array<char *, (unsigned long)1>>(int, T2, T3)",78,0.091552,1.173744
5,nccl,unassigned,ncclDevKernel_AllGather_RING_LL(ncclDevKernelArgsStorage<(unsigned long)4096>),1,0.068416,68.416
5,other,unassigned,"void <unnamed>::fused_rope_kernel<(bool)0, (long)64, (bool)1, __nv_bfloat16, long, (unsigned int)8>(<unnamed>::FusedRopeParams)",21,0.048544,2.311619
5,memory_control,unassigned,"void <unnamed>::fused_store_indexer_cache<__nv_bfloat16, long, (unsigned int)6, (bool)1>(<unnamed>::FusedStoreCacheParam)",21,0.046976,2.236952
5,nvjet,lm_head_vocab_shard,nvjet_sm103_tst_256x56_64x5_1x2_h_bz_TNT,1,0.046592,46.592
5,other,unassigned,_act_quant_kernel,21,0.046048,2.192762
5,cublaslt,index_head_gate_projection,"void cublasLt::splitKreduce_kernel<(int)32, (int)16, int, float, float, float, float, (bool)0, float, float, float, (bool)1, (bool)0, (bool)0, (bool)0>(cublasLt::cublasSplitKParams<T6>, const T4 *, const T10 *, T9 *, T5 *, const T6 *, const T6 *, const T11 *, const T4 *, T11 *, void *, long, T6 *, int *, T6 *, T6 *, const T6 *, const T6 *, const T6 *, const T6 *, const T6 *)",21,0.041408,1.97181
5,triton,unassigned,triton_poi_fused_mul_unsqueeze_0,21,0.039968,1.903238
5,flashinfer_trtllm,index_key_layernorm,kernel_cutlass_kernel_flashinfernormkernelslayernormLayerNormKernel_object_at__tensorptrbf16gmemalign16oi64128i64div41_tensorptrbf16gmemalign16oi64128i64div41_tensorptrf32gmemalign16o1281_0,21,0.03744,1.782857
5,memory_control,unassigned,"void at::native::unrolled_elementwise_kernel<at::native::direct_copy_kernel_cuda(at::TensorIteratorBase &)::[lambda() (instance 3)]::operator ()() const::[lambda() (instance 7)]::operator ()() const::[lambda(float) (instance 1)], std::array<char *, (unsigned long)2>, (int)4, TrivialOffsetCalculator<(int)1, unsigned int>, TrivialOffsetCalculator<(int)1, unsigned int>, at::native::memory::LoadWithCast<(int)1>, at::native::memory::StoreWithCast<(int)1>>(int, T1, T2, T4, T5, T6, T7)",1,0.030688,30.688
5,deepgemm,unassigned,"void deep_gemm::sm100_fp8_fp4_gemm_1d1d_impl<(cute::UMMA::Major)0, (cute::UMMA::Major)0, (unsigned int)128, (unsigned int)128, (unsigned int)0, (unsigned int)0, (unsigned int)0, (unsigned int)32, (unsigned int)128, (unsigned int)128, (unsigned int)1, (unsigned int)128, (unsigned int)128, (unsigned int)128, (unsigned int)11, (unsigned int)128, (unsigned int)128, (unsigned int)2, (bool)1, (unsigned int)152, (bool)1, (deep_gemm::GemmType)0, (bool)0, cutlass::float_e4m3_t, cutlass::float_e4m3_t, cutlass::bfloat16_t, deep_gemm::epilogue::transform::EpilogueIdentity>(int *, unsigned int, unsigned int, unsigned int, CUtensorMap_st, CUtensorMap_st, CUtensorMap_st, CUtensorMap_st, CUtensorMap_st)",3,0.029856,9.952
5,memory_control,unassigned,"void at::native::elementwise_kernel<(int)128, (int)4, void at::native::gpu_kernel_impl_nocast<at::native::direct_copy_kernel_cuda(at::TensorIteratorBase &)::[lambda() (instance 3)]::operator ()() const::[lambda() (instance 12)]::operator ()() const::[lambda(c10::BFloat16) (instance 1)]>(at::TensorIteratorBase &, const T1 &)::[lambda(int) (instance 1)]>(int, T3)",1,0.029024,29.024
5,triton,unassigned,triton_poi_fused_mul_0,21,0.024832,1.182476
5,flashinfer_trtllm,fused_add_rmsnorm_hidden,kernel_cutlass_kernel_flashinfernormkernelsfused_add_rmsnormFusedAddRMSNormKernel_object_at__tensorptrbf16gmemalign128oi64614461441_tensorptrbf16gmemalign128oi64614461441_tensorptrbf16gme_0,1,0.005024,5.024
5,flashinfer_trtllm,unassigned,kernel_cutlass_kernel_flashinfernormkernelsrmsnormRMSNormKernel_object_at__tensorptrbf16gmemalign128oi64614461441_tensorptrbf16gmemalign16o61441_tensorptrbf16gmemalign128oi64614461441___T_0,1,0.003808,3.808
5,memory_control,unassigned,"void at::native::vectorized_gather_kernel<(int)16, long>(char *, char *, T2 *, int, long, long, long, long, bool)",1,0.002816,2.816
5,memory_control,unassigned,"void at::native::elementwise_kernel<(int)128, (int)4, void at::native::gpu_kernel_impl_nocast<at::native::<unnamed>::masked_fill_kernel(at::TensorIterator &, const c10::Scalar &)::[lambda() (instance 1)]::operator ()() const::[lambda() (instance 12)]::operator ()() const::[lambda(c10::BFloat16, bool) (instance 1)]>(at::TensorIteratorBase &, const T1 &)::[lambda(int) (instance 1)]>(int, T3)",1,0.002752,2.752
5,triton,unassigned,triton_poi_fused_add_bitwise_and_bitwise_not_bitwise_or_ge_lt_mul_sub_0,1,0.001984,1.984
5,memory_control,unassigned,"void at::native::vectorized_elementwise_kernel<(int)4, at::native::FillFunctor<float>, std::array<char *, (unsigned long)1>>(int, T2, T3)",1,0.001024,1.024
6,nccl,unassigned,ncclDevKernel_AllReduce_Sum_bf16_RING_LL(ncclDevKernelArgsStorage<(unsigned long)4096>),2,9.804192,4902.096
6,other,routed_moe_fused_core,bmm_E4m3_E4m3E4m3_Fp32_t128x8x128u2_s8_et64x8_m64x8x32_c1x1x1_rM_TN_transOut_noShfl_dsFp8_schPd4x2x2x3_bN_tma_tmaSf_rgTma_clmp_lbW2_dynB_sm100f,75,2.706496,36.086613
6,other,sparse_mla_trtllm_decode,fmhaSm100fKernel_QkvE4m3OBfloat16HQk576HV512PagedKvDenseStaticTokenSparseP1VarSeqQ8Kv128PersistentSwapsAbForGen,78,2.548187,32.669064
6,other,routed_moe_fused_core,bmm_Bfloat16_E4m3E4m3_Fp32_t128x8x128u2_s8_et64x8_m64x8x32_c1x1x1_rM_TN_transOut_noShfl_dsFp8_schPd4x2x2x3_bN_rgTma_clmp_dynB_sm100f,75,2.303776,30.717013
6,other,unassigned,"void <unnamed>::per_token_group_quant_8bit_v2_kernel<<unnamed>::NaiveScheduler, (int)128, (int)8, __nv_bfloat16, __nv_fp8_e4m3, (bool)1, (bool)1, (bool)0, (bool)1, unsigned int>(const T4 *, T5 *, T10 *, const int *, int, int, int, int, int)",432,1.823008,4.219926
6,deepgemm,unassigned,"void deep_gemm::sm100_fp8_fp4_gemm_1d1d_impl<(cute::UMMA::Major)0, (cute::UMMA::Major)0, (unsigned int)128, (unsigned int)128, (unsigned int)0, (unsigned int)0, (unsigned int)0, (unsigned int)48, (unsigned int)128, (unsigned int)128, (unsigned int)1, (unsigned int)128, (unsigned int)128, (unsigned int)128, (unsigned int)10, (unsigned int)128, (unsigned int)128, (unsigned int)2, (bool)1, (unsigned int)152, (bool)1, (deep_gemm::GemmType)0, (bool)0, cutlass::float_e4m3_t, cutlass::float_e4m3_t, cutlass::bfloat16_t, deep_gemm::epilogue::transform::EpilogueIdentity>(int *, unsigned int, unsigned int, unsigned int, CUtensorMap_st, CUtensorMap_st, CUtensorMap_st, CUtensorMap_st, CUtensorMap_st)",156,1.525216,9.777026
6,deepgemm,unassigned,"void deep_gemm::sm100_fp8_fp4_gemm_1d1d_impl<(cute::UMMA::Major)0, (cute::UMMA::Major)0, (unsigned int)128, (unsigned int)128, (unsigned int)0, (unsigned int)0, (unsigned int)0, (unsigned int)16, (unsigned int)128, (unsigned int)128, (unsigned int)1, (unsigned int)128, (unsigned int)128, (unsigned int)128, (unsigned int)12, (unsigned int)128, (unsigned int)128, (unsigned int)2, (bool)1, (unsigned int)152, (bool)1, (deep_gemm::GemmType)0, (bool)0, cutlass::float_e4m3_t, cutlass::float_e4m3_t, cutlass::bfloat16_t, deep_gemm::epilogue::transform::EpilogueIdentity>(int *, unsigned int, unsigned int, unsigned int, CUtensorMap_st, CUtensorMap_st, CUtensorMap_st, CUtensorMap_st, CUtensorMap_st)",153,1.348288,8.81234
6,flashinfer_trtllm,unassigned,"void flashinfer::trtllm_mnnvl_allreduce::twoshotAllreduceKernel<(unsigned char)8, __nv_bfloat16, (bool)0, float4>(flashinfer::trtllm_mnnvl_allreduce::AllReduceKernelParams<T2>)",155,1.26448,8.157935
6,flashinfer_trtllm,unassigned,"void flashinfer::trtllm_mnnvl_allreduce::rmsNormLamport<__nv_bfloat16, (flashinfer::trtllm_mnnvl_allreduce::QuantType)0, (bool)0, (int)1, float4>(flashinfer::trtllm_mnnvl_allreduce::AllReduceKernelParams<T1>)",155,1.238368,7.989471
6,deepgemm,unassigned,"void deep_gemm::sm100_fp8_fp4_gemm_1d1d_impl<(cute::UMMA::Major)0, (cute::UMMA::Major)0, (unsigned int)128, (unsigned int)128, (unsigned int)0, (unsigned int)0, (unsigned int)0, (unsigned int)16, (unsigned int)128, (unsigned int)128, (unsigned int)1, (unsigned int)128, (unsigned int)128, (unsigned int)128, (unsigned int)11, (unsigned int)128, (unsigned int)128, (unsigned int)1, (bool)0, (unsigned int)152, (bool)1, (deep_gemm::GemmType)0, (bool)0, cutlass::float_e4m3_t, cutlass::float_e4m3_t, cutlass::bfloat16_t, deep_gemm::epilogue::transform::EpilogueIdentity>(int *, unsigned int, unsigned int, unsigned int, CUtensorMap_st, CUtensorMap_st, CUtensorMap_st, CUtensorMap_st, CUtensorMap_st)",78,0.729472,9.352205
6,memory_control,unassigned,"void at::native::_scatter_gather_elementwise_kernel<(int)128, (int)8, void at::native::_cuda_scatter_gather_internal_kernel<(bool)0, at::native::OpaqueType<(int)4>, int>::operator ()<at::native::TensorAssign>(at::TensorIterator &, long, long, long, const T1 &)::[lambda(int) (instance 1)]>(int, T3)",78,0.663936,8.512
6,nvjet,router_projection,nvjet_sm103_tst_64x8_64x16_1x4_h_bz_splitK_TNT,75,0.466144,6.215253
6,cutlass,routed_moe_fused_core,"void moe::dev::finalize::finalizeKernelVecLoad<moe::dev::finalize::KernelParams<cutlass::bfloat16_t, cutlass::bfloat16_t, (int)4, (bool)1>>(T1)",75,0.386848,5.157973
6,other,unassigned,"void <unnamed>::act_and_mul_kernel<__nv_bfloat16, (<unnamed>::ActivationKind)0, (bool)1, (bool)0>(<unnamed>::ActivationParams)",78,0.361984,4.640821
6,other,routed_moe_fused_core,"void moe::dev::routing::routingCustom::routingIndicesClusterKernel<moe::dev::routing::routingCustom::KernelParams<__nv_bfloat16, __nv_bfloat16, (int)256, (int)8, moe::dev::routing::TopKExpertSelect<moe::dev::routing::NoOpPreprocess, moe::dev::routing::SoftmaxPostprocess>>, (int)512>(T1)",75,0.305494,4.073253
6,deepgemm,dsa_index_candidate_scoring,"void deep_gemm::sm100_fp8_paged_mqa_logits<(unsigned int)1, (unsigned int)32, (unsigned int)128, (unsigned int)64, (bool)1, (bool)0, (unsigned int)3, (unsigned int)4, (unsigned int)256, (unsigned int)128, (unsigned int)256, float, (unsigned int)2>(unsigned int, unsigned int, unsigned int, const unsigned int *, T12 *, const unsigned int *, const unsigned int *, const unsigned int *, CUtensorMap_st, CUtensorMap_st, CUtensorMap_st, CUtensorMap_st)",21,0.304736,14.511238
6,cutlass,routed_moe_fused_core,"void moe::dev::activation::activationDeepSeekKernel<moe::dev::activation::KernelParams<cutlass::float_e4m3_t, (int)2, (bool)1>>(T1)",75,0.2896,3.861333
6,nvjet,mla_value_restore_bmm,nvjet_sm103_tst_64x32_64x16_2x2_2cta_h_bz_TNT,78,0.27888,3.575385
6,flashinfer_trtllm,trtllm_mla_rope_quantize_fp8,"void flashinfer::RopeQuantizeKernel<(bool)1, (unsigned int)16, (unsigned int)1, __nv_bfloat16, long, __nv_fp8_e4m3>(T4 *, T4 *, T4 *, T4 *, T6 *, T6 *, T6 *, T6 *, float *, T5 *, unsigned int, unsigned int, unsigned int, unsigned int, unsigned int, unsigned long, unsigned long, unsigned long, unsigned long, unsigned long, unsigned long, unsigned long, unsigned long, unsigned long, unsigned long, unsigned long, unsigned long, unsigned long, unsigned long, unsigned long, unsigned long, float, float)",78,0.271645,3.482628
6,nvjet,mla_absorb_q_bmm,nvjet_sm103_tst_64x64_64x16_2x2_2cta_h_bz_TNT,78,0.268768,3.445744
6,other,routed_moe_input_quant,"void <unnamed>::per_token_group_quant_8bit_v2_kernel<<unnamed>::NaiveScheduler, (int)128, (int)8, __nv_bfloat16, __nv_fp8_e4m3, (bool)1, (bool)0, (bool)0, (bool)1, float>(const T4 *, T5 *, T10 *, const int *, int, int, int, int, int)",75,0.260823,3.47764
6,other,dsa_topk_2048,<unnamed>::topk_kernel(<unnamed>::FastTopKParams),21,0.231296,11.014095
6,flashinfer_trtllm,kv_latent_rmsnorm,kernel_cutlass_kernel_flashinfernormkernelsrmsnormRMSNormKernel_object_at__tensorptrbf16gmemalign16oi64512i64div81_tensorptrbf16gmemalign16o5121_tensorptrbf16gmemalign16oi64512i64div81____0,78,0.206112,2.642462
6,other,routed_moe_fused_core,"void moe::dev::routing::routingCustom::routingIndicesBlockScoresKernel<moe::dev::routing::routingCustom::KernelParams<__nv_bfloat16, __nv_bfloat16, (int)256, (int)8, moe::dev::routing::TopKExpertSelect<moe::dev::routing::SigmoidBiasPreprocess, moe::dev::routing::ScaledSumNormalizePostprocess>>>(T1)",75,0.204785,2.730467
6,flashinfer_trtllm,q_latent_rmsnorm,kernel_cutlass_kernel_flashinfernormkernelsrmsnormRMSNormKernel_object_at__tensorptrbf16gmemalign16oi642048i64div81_tensorptrbf16gmemalign16o20481_tensorptrbf16gmemalign16oi642048i64div81_0,78,0.199648,2.55959
6,deepgemm,unassigned,"void deep_gemm::sm100_fp8_fp4_gemm_1d1d_impl<(cute::UMMA::Major)0, (cute::UMMA::Major)0, (unsigned int)128, (unsigned int)128, (unsigned int)0, (unsigned int)0, (unsigned int)0, (unsigned int)128, (unsigned int)16, (unsigned int)128, (unsigned int)1, (unsigned int)128, (unsigned int)128, (unsigned int)32, (unsigned int)11, (unsigned int)128, (unsigned int)128, (unsigned int)1, (bool)0, (unsigned int)152, (bool)0, (deep_gemm::GemmType)0, (bool)0, cutlass::float_e4m3_t, cutlass::float_e4m3_t, cutlass::bfloat16_t, deep_gemm::epilogue::transform::EpilogueIdentity>(int *, unsigned int, unsigned int, unsigned int, CUtensorMap_st, CUtensorMap_st, CUtensorMap_st, CUtensorMap_st, CUtensorMap_st)",21,0.188224,8.963048
6,cublaslt,router_projection,"void cublasLt::splitKreduce_kernel<(int)32, (int)16, int, float, __nv_bfloat16, float, __nv_bfloat16, (bool)0, float, __nv_bfloat16, __nv_bfloat16, (bool)1, (bool)0, (bool)0, (bool)0>(cublasLt::cublasSplitKParams<T6>, const T4 *, const T10 *, T9 *, T5 *, const T6 *, const T6 *, const T11 *, const T4 *, T11 *, void *, long, T6 *, int *, T6 *, T6 *, const T6 *, const T6 *, const T6 *, const T6 *, const T6 *)",75,0.176352,2.35136
6,other,trtllm_raw_fp8_kv_store,set_mla_kv_buffer_kernel,78,0.163616,2.097641
6,memory_control,unassigned,"void at::native::vectorized_elementwise_kernel<(int)4, at::native::<unnamed>::launch_clamp_scalar(at::TensorIteratorBase &, c10::Scalar, c10::Scalar, at::native::detail::ClampLimits)::[lambda() (instance 1)]::operator ()() const::[lambda() (instance 3)]::operator ()() const::[lambda(int) (instance 1)], std::array<char *, (unsigned long)2>>(int, T2, T3)",78,0.154368,1.979077
6,deepgemm,unassigned,"void deep_gemm::sm100_fp8_fp4_gemm_1d1d_impl<(cute::UMMA::Major)0, (cute::UMMA::Major)0, (unsigned int)128, (unsigned int)128, (unsigned int)0, (unsigned int)0, (unsigned int)0, (unsigned int)64, (unsigned int)128, (unsigned int)128, (unsigned int)1, (unsigned int)128, (unsigned int)128, (unsigned int)128, (unsigned int)10, (unsigned int)128, (unsigned int)128, (unsigned int)2, (bool)1, (unsigned int)80, (bool)1, (deep_gemm::GemmType)0, (bool)0, cutlass::float_e4m3_t, cutlass::float_e4m3_t, cutlass::bfloat16_t, deep_gemm::epilogue::transform::EpilogueIdentity>(int *, unsigned int, unsigned int, unsigned int, CUtensorMap_st, CUtensorMap_st, CUtensorMap_st, CUtensorMap_st, CUtensorMap_st)",21,0.153056,7.288381
6,memory_control,unassigned,"void at::native::vectorized_elementwise_kernel<(int)8, at::native::CUDAFunctor_add<c10::BFloat16>, std::array<char *, (unsigned long)3>>(int, T2, T3)",75,0.136336,1.817813
6,memory_control,unassigned,"void at::native::vectorized_elementwise_kernel<(int)4, void at::native::compare_scalar_kernel<int>(at::TensorIteratorBase &, at::native::<unnamed>::OpType, T1)::[lambda(int) (instance 1)], std::array<char *, (unsigned long)2>>(int, T2, T3)",78,0.120576,1.545846
6,memory_control,unassigned,"void at::native::vectorized_elementwise_kernel<(int)4, at::native::<unnamed>::masked_fill_kernel(at::TensorIterator &, const c10::Scalar &)::[lambda() (instance 1)]::operator ()() const::[lambda() (instance 3)]::operator ()() const::[lambda(int, bool) (instance 1)], std::array<char *, (unsigned long)3>>(int, T2, T3)",78,0.118912,1.524513
6,other,unassigned,"void <unnamed>::fast_hadamard_transform_kernel<<unnamed>::FastHadamardKernelTraits<(int)16, (int)7, __nv_bfloat16>>(HadamardParamsBase)",42,0.109408,2.604952
6,nvjet,index_head_gate_projection,nvjet_sm103_tss_64x8_64x16_1x4_h_bz_splitK_TNT,21,0.102848,4.897524
6,memory_control,unassigned,"void at::native::vectorized_elementwise_kernel<(int)4, at::native::FillFunctor<unsigned char>, std::array<char *, (unsigned long)1>>(int, T2, T3)",78,0.092383,1.184397
6,nccl,unassigned,ncclDevKernel_AllGather_RING_LL(ncclDevKernelArgsStorage<(unsigned long)4096>),1,0.068224,68.224
6,other,unassigned,"void <unnamed>::fused_rope_kernel<(bool)0, (long)64, (bool)1, __nv_bfloat16, long, (unsigned int)8>(<unnamed>::FusedRopeParams)",21,0.04864,2.31619
6,nvjet,lm_head_vocab_shard,nvjet_sm103_tst_256x56_64x5_1x2_h_bz_TNT,1,0.046464,46.464
6,other,unassigned,_act_quant_kernel,21,0.045888,2.185143
6,memory_control,unassigned,"void <unnamed>::fused_store_indexer_cache<__nv_bfloat16, long, (unsigned int)6, (bool)1>(<unnamed>::FusedStoreCacheParam)",21,0.045728,2.177524
6,cublaslt,index_head_gate_projection,"void cublasLt::splitKreduce_kernel<(int)32, (int)16, int, float, float, float, float, (bool)0, float, float, float, (bool)1, (bool)0, (bool)0, (bool)0>(cublasLt::cublasSplitKParams<T6>, const T4 *, const T10 *, T9 *, T5 *, const T6 *, const T6 *, const T11 *, const T4 *, T11 *, void *, long, T6 *, int *, T6 *, T6 *, const T6 *, const T6 *, const T6 *, const T6 *, const T6 *)",21,0.041312,1.967238
6,triton,unassigned,triton_poi_fused_mul_unsqueeze_0,21,0.040096,1.909333
6,flashinfer_trtllm,index_key_layernorm,kernel_cutlass_kernel_flashinfernormkernelslayernormLayerNormKernel_object_at__tensorptrbf16gmemalign16oi64128i64div41_tensorptrbf16gmemalign16oi64128i64div41_tensorptrf32gmemalign16o1281_0,21,0.036704,1.74781
6,memory_control,unassigned,"void at::native::unrolled_elementwise_kernel<at::native::direct_copy_kernel_cuda(at::TensorIteratorBase &)::[lambda() (instance 3)]::operator ()() const::[lambda() (instance 7)]::operator ()() const::[lambda(float) (instance 1)], std::array<char *, (unsigned long)2>, (int)4, TrivialOffsetCalculator<(int)1, unsigned int>, TrivialOffsetCalculator<(int)1, unsigned int>, at::native::memory::LoadWithCast<(int)1>, at::native::memory::StoreWithCast<(int)1>>(int, T1, T2, T4, T5, T6, T7)",1,0.030464,30.464
6,deepgemm,unassigned,"void deep_gemm::sm100_fp8_fp4_gemm_1d1d_impl<(cute::UMMA::Major)0, (cute::UMMA::Major)0, (unsigned int)128, (unsigned int)128, (unsigned int)0, (unsigned int)0, (unsigned int)0, (unsigned int)32, (unsigned int)128, (unsigned int)128, (unsigned int)1, (unsigned int)128, (unsigned int)128, (unsigned int)128, (unsigned int)11, (unsigned int)128, (unsigned int)128, (unsigned int)2, (bool)1, (unsigned int)152, (bool)1, (deep_gemm::GemmType)0, (bool)0, cutlass::float_e4m3_t, cutlass::float_e4m3_t, cutlass::bfloat16_t, deep_gemm::epilogue::transform::EpilogueIdentity>(int *, unsigned int, unsigned int, unsigned int, CUtensorMap_st, CUtensorMap_st, CUtensorMap_st, CUtensorMap_st, CUtensorMap_st)",3,0.030112,10.037333
6,memory_control,unassigned,"void at::native::elementwise_kernel<(int)128, (int)4, void at::native::gpu_kernel_impl_nocast<at::native::direct_copy_kernel_cuda(at::TensorIteratorBase &)::[lambda() (instance 3)]::operator ()() const::[lambda() (instance 12)]::operator ()() const::[lambda(c10::BFloat16) (instance 1)]>(at::TensorIteratorBase &, const T1 &)::[lambda(int) (instance 1)]>(int, T3)",1,0.029248,29.248
6,triton,unassigned,triton_poi_fused_mul_0,21,0.025504,1.214476
6,flashinfer_trtllm,fused_add_rmsnorm_hidden,kernel_cutlass_kernel_flashinfernormkernelsfused_add_rmsnormFusedAddRMSNormKernel_object_at__tensorptrbf16gmemalign128oi64614461441_tensorptrbf16gmemalign128oi64614461441_tensorptrbf16gme_0,1,0.004768,4.768
6,flashinfer_trtllm,unassigned,kernel_cutlass_kernel_flashinfernormkernelsrmsnormRMSNormKernel_object_at__tensorptrbf16gmemalign128oi64614461441_tensorptrbf16gmemalign16o61441_tensorptrbf16gmemalign128oi64614461441___T_0,1,0.003424,3.424
6,memory_control,unassigned,"void at::native::vectorized_gather_kernel<(int)16, long>(char *, char *, T2 *, int, long, long, long, long, bool)",1,0.002976,2.976
6,memory_control,unassigned,"void at::native::elementwise_kernel<(int)128, (int)4, void at::native::gpu_kernel_impl_nocast<at::native::<unnamed>::masked_fill_kernel(at::TensorIterator &, const c10::Scalar &)::[lambda() (instance 1)]::operator ()() const::[lambda() (instance 12)]::operator ()() const::[lambda(c10::BFloat16, bool) (instance 1)]>(at::TensorIteratorBase &, const T1 &)::[lambda(int) (instance 1)]>(int, T3)",1,0.002752,2.752
6,triton,unassigned,triton_poi_fused_add_bitwise_and_bitwise_not_bitwise_or_ge_lt_mul_sub_0,1,0.001536,1.536
6,memory_control,unassigned,"void at::native::vectorized_elementwise_kernel<(int)4, at::native::FillFunctor<float>, std::array<char *, (unsigned long)1>>(int, T2, T3)",1,0.001056,1.056
7,other,routed_moe_fused_core,bmm_E4m3_E4m3E4m3_Fp32_t128x8x128u2_s8_et64x8_m64x8x32_c1x1x1_rM_TN_transOut_noShfl_dsFp8_schPd4x2x2x3_bN_tma_tmaSf_rgTma_clmp_lbW2_dynB_sm100f,75,2.713792,36.183893
7,other,sparse_mla_trtllm_decode,fmhaSm100fKernel_QkvE4m3OBfloat16HQk576HV512PagedKvDenseStaticTokenSparseP1VarSeqQ8Kv128PersistentSwapsAbForGen,78,2.547485,32.660064
7,other,routed_moe_fused_core,bmm_Bfloat16_E4m3E4m3_Fp32_t128x8x128u2_s8_et64x8_m64x8x32_c1x1x1_rM_TN_transOut_noShfl_dsFp8_schPd4x2x2x3_bN_rgTma_clmp_dynB_sm100f,75,2.296928,30.625707
7,other,unassigned,"void <unnamed>::per_token_group_quant_8bit_v2_kernel<<unnamed>::NaiveScheduler, (int)128, (int)8, __nv_bfloat16, __nv_fp8_e4m3, (bool)1, (bool)1, (bool)0, (bool)1, unsigned int>(const T4 *, T5 *, T10 *, const int *, int, int, int, int, int)",432,1.77056,4.098519
7,deepgemm,unassigned,"void deep_gemm::sm100_fp8_fp4_gemm_1d1d_impl<(cute::UMMA::Major)0, (cute::UMMA::Major)0, (unsigned int)128, (unsigned int)128, (unsigned int)0, (unsigned int)0, (unsigned int)0, (unsigned int)48, (unsigned int)128, (unsigned int)128, (unsigned int)1, (unsigned int)128, (unsigned int)128, (unsigned int)128, (unsigned int)10, (unsigned int)128, (unsigned int)128, (unsigned int)2, (bool)1, (unsigned int)152, (bool)1, (deep_gemm::GemmType)0, (bool)0, cutlass::float_e4m3_t, cutlass::float_e4m3_t, cutlass::bfloat16_t, deep_gemm::epilogue::transform::EpilogueIdentity>(int *, unsigned int, unsigned int, unsigned int, CUtensorMap_st, CUtensorMap_st, CUtensorMap_st, CUtensorMap_st, CUtensorMap_st)",156,1.52784,9.793846
7,deepgemm,unassigned,"void deep_gemm::sm100_fp8_fp4_gemm_1d1d_impl<(cute::UMMA::Major)0, (cute::UMMA::Major)0, (unsigned int)128, (unsigned int)128, (unsigned int)0, (unsigned int)0, (unsigned int)0, (unsigned int)16, (unsigned int)128, (unsigned int)128, (unsigned int)1, (unsigned int)128, (unsigned int)128, (unsigned int)128, (unsigned int)12, (unsigned int)128, (unsigned int)128, (unsigned int)2, (bool)1, (unsigned int)152, (bool)1, (deep_gemm::GemmType)0, (bool)0, cutlass::float_e4m3_t, cutlass::float_e4m3_t, cutlass::bfloat16_t, deep_gemm::epilogue::transform::EpilogueIdentity>(int *, unsigned int, unsigned int, unsigned int, CUtensorMap_st, CUtensorMap_st, CUtensorMap_st, CUtensorMap_st, CUtensorMap_st)",153,1.351488,8.833255
7,flashinfer_trtllm,unassigned,"void flashinfer::trtllm_mnnvl_allreduce::twoshotAllreduceKernel<(unsigned char)8, __nv_bfloat16, (bool)0, float4>(flashinfer::trtllm_mnnvl_allreduce::AllReduceKernelParams<T2>)",155,1.199616,7.739458
7,flashinfer_trtllm,unassigned,"void flashinfer::trtllm_mnnvl_allreduce::rmsNormLamport<__nv_bfloat16, (flashinfer::trtllm_mnnvl_allreduce::QuantType)0, (bool)0, (int)1, float4>(flashinfer::trtllm_mnnvl_allreduce::AllReduceKernelParams<T1>)",155,1.180416,7.615587
7,deepgemm,unassigned,"void deep_gemm::sm100_fp8_fp4_gemm_1d1d_impl<(cute::UMMA::Major)0, (cute::UMMA::Major)0, (unsigned int)128, (unsigned int)128, (unsigned int)0, (unsigned int)0, (unsigned int)0, (unsigned int)16, (unsigned int)128, (unsigned int)128, (unsigned int)1, (unsigned int)128, (unsigned int)128, (unsigned int)128, (unsigned int)11, (unsigned int)128, (unsigned int)128, (unsigned int)1, (bool)0, (unsigned int)152, (bool)1, (deep_gemm::GemmType)0, (bool)0, cutlass::float_e4m3_t, cutlass::float_e4m3_t, cutlass::bfloat16_t, deep_gemm::epilogue::transform::EpilogueIdentity>(int *, unsigned int, unsigned int, unsigned int, CUtensorMap_st, CUtensorMap_st, CUtensorMap_st, CUtensorMap_st, CUtensorMap_st)",78,0.731616,9.379692
7,memory_control,unassigned,"void at::native::_scatter_gather_elementwise_kernel<(int)128, (int)8, void at::native::_cuda_scatter_gather_internal_kernel<(bool)0, at::native::OpaqueType<(int)4>, int>::operator ()<at::native::TensorAssign>(at::TensorIterator &, long, long, long, const T1 &)::[lambda(int) (instance 1)]>(int, T3)",78,0.674816,8.651487
7,nvjet,router_projection,nvjet_sm103_tst_64x8_64x16_1x4_h_bz_splitK_TNT,75,0.464736,6.19648
7,cutlass,routed_moe_fused_core,"void moe::dev::finalize::finalizeKernelVecLoad<moe::dev::finalize::KernelParams<cutlass::bfloat16_t, cutlass::bfloat16_t, (int)4, (bool)1>>(T1)",75,0.387616,5.168213
7,other,unassigned,"void <unnamed>::act_and_mul_kernel<__nv_bfloat16, (<unnamed>::ActivationKind)0, (bool)1, (bool)0>(<unnamed>::ActivationParams)",78,0.383583,4.917731
7,deepgemm,dsa_index_candidate_scoring,"void deep_gemm::sm100_fp8_paged_mqa_logits<(unsigned int)1, (unsigned int)32, (unsigned int)128, (unsigned int)64, (bool)1, (bool)0, (unsigned int)3, (unsigned int)4, (unsigned int)256, (unsigned int)128, (unsigned int)256, float, (unsigned int)2>(unsigned int, unsigned int, unsigned int, const unsigned int *, T12 *, const unsigned int *, const unsigned int *, const unsigned int *, CUtensorMap_st, CUtensorMap_st, CUtensorMap_st, CUtensorMap_st)",21,0.30704,14.620952
7,other,routed_moe_fused_core,"void moe::dev::routing::routingCustom::routingIndicesClusterKernel<moe::dev::routing::routingCustom::KernelParams<__nv_bfloat16, __nv_bfloat16, (int)256, (int)8, moe::dev::routing::TopKExpertSelect<moe::dev::routing::NoOpPreprocess, moe::dev::routing::SoftmaxPostprocess>>, (int)512>(T1)",75,0.303022,4.040293
7,cutlass,routed_moe_fused_core,"void moe::dev::activation::activationDeepSeekKernel<moe::dev::activation::KernelParams<cutlass::float_e4m3_t, (int)2, (bool)1>>(T1)",75,0.295104,3.93472
7,flashinfer_trtllm,trtllm_mla_rope_quantize_fp8,"void flashinfer::RopeQuantizeKernel<(bool)1, (unsigned int)16, (unsigned int)1, __nv_bfloat16, long, __nv_fp8_e4m3>(T4 *, T4 *, T4 *, T4 *, T6 *, T6 *, T6 *, T6 *, float *, T5 *, unsigned int, unsigned int, unsigned int, unsigned int, unsigned int, unsigned long, unsigned long, unsigned long, unsigned long, unsigned long, unsigned long, unsigned long, unsigned long, unsigned long, unsigned long, unsigned long, unsigned long, unsigned long, unsigned long, unsigned long, unsigned long, float, float)",78,0.284544,3.648
7,nvjet,mla_value_restore_bmm,nvjet_sm103_tst_64x32_64x16_2x2_2cta_h_bz_TNT,78,0.282752,3.625026
7,nvjet,mla_absorb_q_bmm,nvjet_sm103_tst_64x64_64x16_2x2_2cta_h_bz_TNT,78,0.271648,3.482667
7,other,routed_moe_input_quant,"void <unnamed>::per_token_group_quant_8bit_v2_kernel<<unnamed>::NaiveScheduler, (int)128, (int)8, __nv_bfloat16, __nv_fp8_e4m3, (bool)1, (bool)0, (bool)0, (bool)1, float>(const T4 *, T5 *, T10 *, const int *, int, int, int, int, int)",75,0.260603,3.474707
7,other,dsa_topk_2048,<unnamed>::topk_kernel(<unnamed>::FastTopKParams),21,0.23136,11.017143
7,other,routed_moe_fused_core,"void moe::dev::routing::routingCustom::routingIndicesBlockScoresKernel<moe::dev::routing::routingCustom::KernelParams<__nv_bfloat16, __nv_bfloat16, (int)256, (int)8, moe::dev::routing::TopKExpertSelect<moe::dev::routing::SigmoidBiasPreprocess, moe::dev::routing::ScaledSumNormalizePostprocess>>>(T1)",75,0.213459,2.84612
7,flashinfer_trtllm,kv_latent_rmsnorm,kernel_cutlass_kernel_flashinfernormkernelsrmsnormRMSNormKernel_object_at__tensorptrbf16gmemalign16oi64512i64div81_tensorptrbf16gmemalign16o5121_tensorptrbf16gmemalign16oi64512i64div81____0,78,0.20272,2.598974
7,flashinfer_trtllm,q_latent_rmsnorm,kernel_cutlass_kernel_flashinfernormkernelsrmsnormRMSNormKernel_object_at__tensorptrbf16gmemalign16oi642048i64div81_tensorptrbf16gmemalign16o20481_tensorptrbf16gmemalign16oi642048i64div81_0,78,0.199936,2.563282
7,deepgemm,unassigned,"void deep_gemm::sm100_fp8_fp4_gemm_1d1d_impl<(cute::UMMA::Major)0, (cute::UMMA::Major)0, (unsigned int)128, (unsigned int)128, (unsigned int)0, (unsigned int)0, (unsigned int)0, (unsigned int)128, (unsigned int)16, (unsigned int)128, (unsigned int)1, (unsigned int)128, (unsigned int)128, (unsigned int)32, (unsigned int)11, (unsigned int)128, (unsigned int)128, (unsigned int)1, (bool)0, (unsigned int)152, (bool)0, (deep_gemm::GemmType)0, (bool)0, cutlass::float_e4m3_t, cutlass::float_e4m3_t, cutlass::bfloat16_t, deep_gemm::epilogue::transform::EpilogueIdentity>(int *, unsigned int, unsigned int, unsigned int, CUtensorMap_st, CUtensorMap_st, CUtensorMap_st, CUtensorMap_st, CUtensorMap_st)",21,0.187776,8.941714
7,cublaslt,router_projection,"void cublasLt::splitKreduce_kernel<(int)32, (int)16, int, float, __nv_bfloat16, float, __nv_bfloat16, (bool)0, float, __nv_bfloat16, __nv_bfloat16, (bool)1, (bool)0, (bool)0, (bool)0>(cublasLt::cublasSplitKParams<T6>, const T4 *, const T10 *, T9 *, T5 *, const T6 *, const T6 *, const T11 *, const T4 *, T11 *, void *, long, T6 *, int *, T6 *, T6 *, const T6 *, const T6 *, const T6 *, const T6 *, const T6 *)",75,0.174016,2.320213
7,other,trtllm_raw_fp8_kv_store,set_mla_kv_buffer_kernel,78,0.166688,2.137026
7,memory_control,unassigned,"void at::native::vectorized_elementwise_kernel<(int)4, at::native::<unnamed>::launch_clamp_scalar(at::TensorIteratorBase &, c10::Scalar, c10::Scalar, at::native::detail::ClampLimits)::[lambda() (instance 1)]::operator ()() const::[lambda() (instance 3)]::operator ()() const::[lambda(int) (instance 1)], std::array<char *, (unsigned long)2>>(int, T2, T3)",78,0.153184,1.963897
7,deepgemm,unassigned,"void deep_gemm::sm100_fp8_fp4_gemm_1d1d_impl<(cute::UMMA::Major)0, (cute::UMMA::Major)0, (unsigned int)128, (unsigned int)128, (unsigned int)0, (unsigned int)0, (unsigned int)0, (unsigned int)64, (unsigned int)128, (unsigned int)128, (unsigned int)1, (unsigned int)128, (unsigned int)128, (unsigned int)128, (unsigned int)10, (unsigned int)128, (unsigned int)128, (unsigned int)2, (bool)1, (unsigned int)80, (bool)1, (deep_gemm::GemmType)0, (bool)0, cutlass::float_e4m3_t, cutlass::float_e4m3_t, cutlass::bfloat16_t, deep_gemm::epilogue::transform::EpilogueIdentity>(int *, unsigned int, unsigned int, unsigned int, CUtensorMap_st, CUtensorMap_st, CUtensorMap_st, CUtensorMap_st, CUtensorMap_st)",21,0.152256,7.250286
7,memory_control,unassigned,"void at::native::vectorized_elementwise_kernel<(int)8, at::native::CUDAFunctor_add<c10::BFloat16>, std::array<char *, (unsigned long)3>>(int, T2, T3)",75,0.136437,1.81916
7,memory_control,unassigned,"void at::native::vectorized_elementwise_kernel<(int)4, void at::native::compare_scalar_kernel<int>(at::TensorIteratorBase &, at::native::<unnamed>::OpType, T1)::[lambda(int) (instance 1)], std::array<char *, (unsigned long)2>>(int, T2, T3)",78,0.123456,1.582769
7,memory_control,unassigned,"void at::native::vectorized_elementwise_kernel<(int)4, at::native::<unnamed>::masked_fill_kernel(at::TensorIterator &, const c10::Scalar &)::[lambda() (instance 1)]::operator ()() const::[lambda() (instance 3)]::operator ()() const::[lambda(int, bool) (instance 1)], std::array<char *, (unsigned long)3>>(int, T2, T3)",78,0.119872,1.536821
7,other,unassigned,"void <unnamed>::fast_hadamard_transform_kernel<<unnamed>::FastHadamardKernelTraits<(int)16, (int)7, __nv_bfloat16>>(HadamardParamsBase)",42,0.109472,2.606476
7,nvjet,index_head_gate_projection,nvjet_sm103_tss_64x8_64x16_1x4_h_bz_splitK_TNT,21,0.102336,4.873143
7,memory_control,unassigned,"void at::native::vectorized_elementwise_kernel<(int)4, at::native::FillFunctor<unsigned char>, std::array<char *, (unsigned long)1>>(int, T2, T3)",78,0.090912,1.165538
7,nccl,unassigned,ncclDevKernel_AllGather_RING_LL(ncclDevKernelArgsStorage<(unsigned long)4096>),1,0.068384,68.384
7,nccl,unassigned,ncclDevKernel_AllReduce_Sum_bf16_RING_LL(ncclDevKernelArgsStorage<(unsigned long)4096>),2,0.06096,30.48
7,other,unassigned,"void <unnamed>::fused_rope_kernel<(bool)0, (long)64, (bool)1, __nv_bfloat16, long, (unsigned int)8>(<unnamed>::FusedRopeParams)",21,0.05088,2.422857
7,memory_control,unassigned,"void <unnamed>::fused_store_indexer_cache<__nv_bfloat16, long, (unsigned int)6, (bool)1>(<unnamed>::FusedStoreCacheParam)",21,0.047616,2.267429
7,nvjet,lm_head_vocab_shard,nvjet_sm103_tst_256x56_64x5_1x2_h_bz_TNT,1,0.046976,46.976
7,other,unassigned,_act_quant_kernel,21,0.045888,2.185143
7,cublaslt,index_head_gate_projection,"void cublasLt::splitKreduce_kernel<(int)32, (int)16, int, float, float, float, float, (bool)0, float, float, float, (bool)1, (bool)0, (bool)0, (bool)0>(cublasLt::cublasSplitKParams<T6>, const T4 *, const T10 *, T9 *, T5 *, const T6 *, const T6 *, const T11 *, const T4 *, T11 *, void *, long, T6 *, int *, T6 *, T6 *, const T6 *, const T6 *, const T6 *, const T6 *, const T6 *)",21,0.041856,1.993143
7,triton,unassigned,triton_poi_fused_mul_unsqueeze_0,21,0.038176,1.817905
7,flashinfer_trtllm,index_key_layernorm,kernel_cutlass_kernel_flashinfernormkernelslayernormLayerNormKernel_object_at__tensorptrbf16gmemalign16oi64128i64div41_tensorptrbf16gmemalign16oi64128i64div41_tensorptrf32gmemalign16o1281_0,21,0.037376,1.77981
7,memory_control,unassigned,"void at::native::unrolled_elementwise_kernel<at::native::direct_copy_kernel_cuda(at::TensorIteratorBase &)::[lambda() (instance 3)]::operator ()() const::[lambda() (instance 7)]::operator ()() const::[lambda(float) (instance 1)], std::array<char *, (unsigned long)2>, (int)4, TrivialOffsetCalculator<(int)1, unsigned int>, TrivialOffsetCalculator<(int)1, unsigned int>, at::native::memory::LoadWithCast<(int)1>, at::native::memory::StoreWithCast<(int)1>>(int, T1, T2, T4, T5, T6, T7)",1,0.0304,30.4
7,deepgemm,unassigned,"void deep_gemm::sm100_fp8_fp4_gemm_1d1d_impl<(cute::UMMA::Major)0, (cute::UMMA::Major)0, (unsigned int)128, (unsigned int)128, (unsigned int)0, (unsigned int)0, (unsigned int)0, (unsigned int)32, (unsigned int)128, (unsigned int)128, (unsigned int)1, (unsigned int)128, (unsigned int)128, (unsigned int)128, (unsigned int)11, (unsigned int)128, (unsigned int)128, (unsigned int)2, (bool)1, (unsigned int)152, (bool)1, (deep_gemm::GemmType)0, (bool)0, cutlass::float_e4m3_t, cutlass::float_e4m3_t, cutlass::bfloat16_t, deep_gemm::epilogue::transform::EpilogueIdentity>(int *, unsigned int, unsigned int, unsigned int, CUtensorMap_st, CUtensorMap_st, CUtensorMap_st, CUtensorMap_st, CUtensorMap_st)",3,0.03008,10.026667
7,memory_control,unassigned,"void at::native::elementwise_kernel<(int)128, (int)4, void at::native::gpu_kernel_impl_nocast<at::native::direct_copy_kernel_cuda(at::TensorIteratorBase &)::[lambda() (instance 3)]::operator ()() const::[lambda() (instance 12)]::operator ()() const::[lambda(c10::BFloat16) (instance 1)]>(at::TensorIteratorBase &, const T1 &)::[lambda(int) (instance 1)]>(int, T3)",1,0.02912,29.12
7,triton,unassigned,triton_poi_fused_mul_0,21,0.024608,1.17181
7,flashinfer_trtllm,fused_add_rmsnorm_hidden,kernel_cutlass_kernel_flashinfernormkernelsfused_add_rmsnormFusedAddRMSNormKernel_object_at__tensorptrbf16gmemalign128oi64614461441_tensorptrbf16gmemalign128oi64614461441_tensorptrbf16gme_0,1,0.0048,4.8
7,flashinfer_trtllm,unassigned,kernel_cutlass_kernel_flashinfernormkernelsrmsnormRMSNormKernel_object_at__tensorptrbf16gmemalign128oi64614461441_tensorptrbf16gmemalign16o61441_tensorptrbf16gmemalign128oi64614461441___T_0,1,0.003648,3.648
7,memory_control,unassigned,"void at::native::vectorized_gather_kernel<(int)16, long>(char *, char *, T2 *, int, long, long, long, long, bool)",1,0.003008,3.008
7,memory_control,unassigned,"void at::native::elementwise_kernel<(int)128, (int)4, void at::native::gpu_kernel_impl_nocast<at::native::<unnamed>::masked_fill_kernel(at::TensorIterator &, const c10::Scalar &)::[lambda() (instance 1)]::operator ()() const::[lambda() (instance 12)]::operator ()() const::[lambda(c10::BFloat16, bool) (instance 1)]>(at::TensorIteratorBase &, const T1 &)::[lambda(int) (instance 1)]>(int, T3)",1,0.002752,2.752
7,triton,unassigned,triton_poi_fused_add_bitwise_and_bitwise_not_bitwise_or_ge_lt_mul_sub_0,1,0.001856,1.856
7,memory_control,unassigned,"void at::native::vectorized_elementwise_kernel<(int)4, at::native::FillFunctor<float>, std::array<char *, (unsigned long)1>>(int, T2, T3)",1,0.001056,1.056
